{
  "type": "FeatureCollection",
  "features": [
    {
      "type": "Feature",
      "properties": { "code": "LU-D", "name": "Diekirch", "country": "LU" },
      "geometry": {
        "type": "Polygon",
        "coordinates": [
          [
            [6.1175, 50.1205],
            [6.1106, 50.106],
            [6.1057, 50.0922],
            [6.0994, 50.0641],
            [6.1012, 50.0634],
            [6.1072, 50.0638],
            [6.1094, 50.0636],
            [6.1057, 50.0603],
            [6.0964, 50.0486],
            [6.1073, 50.0446],
            [6.1138, 50.0364],
            [6.12, 50.0155],
            [6.1172, 50.0044],
            [6.1215, 49.9963],
            [6.1388, 49.9793],
            [6.154, 49.9512],
            [6.1619, 49.9425],
            [6.1727, 49.9562],
            [6.1898, 49.9383],
            [6.2227, 49.8871],
            [6.2383, 49.8769],
            [6.2722, 49.8671],
            [6.2868, 49.861],
            [6.2915, 49.8556],
            [6.2956, 49.8486],
            [6.2952, 49.8486],
            [6.2771, 49.8471],
            [6.2696, 49.845],
            [6.2639, 49.8411],
            [6.258, 49.8328],
            [6.2561, 49.8281],
            [6.2583, 49.8239],
            [6.2616, 49.8222],
            [6.2668, 49.82],
            [6.2667, 49.8157],
            [6.2659, 49.8122],
            [6.2463, 49.7906],
            [6.2145, 49.7999],
            [6.1939, 49.8124],
            [6.1847, 49.8194],
            [6.1573, 49.8238],
            [6.1474, 49.8236],
            [6.1138, 49.8176],
            [6.1045, 49.8191],
            [6.0955, 49.8219],
            [6.0811, 49.8281],
            [6.0694, 49.8297],
            [6.0598, 49.8296],
            [6.0431, 49.8245],
            [6.0338, 49.8172],
            [6.0316, 49.813],
            [6.0291, 49.8063],
            [6.0187, 49.7974],
            [6.0137, 49.7903],
            [6.0013, 49.7813],
            [5.9993, 49.7754],
            [5.9987, 49.7613],
            [5.9951, 49.7504],
            [5.9937, 49.7394],
            [5.994, 49.7289],
            [5.9594, 49.7216],
            [5.9343, 49.7137],
            [5.9191, 49.7109],
            [5.876, 49.71],
            [5.8564, 49.7058],
            [5.856, 49.7081],
            [5.8502, 49.714],
            [5.8437, 49.7143],
            [5.8373, 49.7129],
            [5.8317, 49.7136],
            [5.8257, 49.7158],
            [5.8118, 49.7185],
            [5.8054, 49.7219],
            [5.8058, 49.7242],
            [5.8036, 49.7382],
            [5.8021, 49.7429],
            [5.7785, 49.773],
            [5.7719, 49.7794],
            [5.7592, 49.7845],
            [5.7484, 49.7856],
            [5.7383, 49.7888],
            [5.7277, 49.8002],
            [5.7216, 49.8128],
            [5.7202, 49.8247],
            [5.7246, 49.8343],
            [5.7365, 49.8394],
            [5.7269, 49.8452],
            [5.7287, 49.8488],
            [5.7305, 49.8512],
            [5.732, 49.8542],
            [5.7319, 49.86],
            [5.7581, 49.8582],
            [5.7488, 49.8673],
            [5.7267, 49.8782],
            [5.7149, 49.8819],
            [5.719, 49.8914],
            [5.7536, 49.9302],
            [5.7576, 49.9365],
            [5.76, 49.9416],
            [5.7637, 49.9468],
            [5.7716, 49.9535],
            [5.7786, 49.9566],
            [5.7934, 49.9588],
            [5.8016, 49.9638],
            [5.8126, 49.9776],
            [5.8086, 49.9831],
            [5.8015, 49.9887],
            [5.8027, 50.0025],
            [5.8089, 50.0078],
            [5.8291, 50.0136],
            [5.8364, 50.0185],
            [5.8388, 50.0265],
            [5.8388, 50.0359],
            [5.8377, 50.0474],
            [5.8437, 50.0536],
            [5.8583, 50.0618],
            [5.8644, 50.0675],
            [5.8669, 50.0743],
            [5.8688, 50.0905],
            [5.8724, 50.0969],
            [5.889, 50.1066],
            [5.9262, 50.1183],
            [5.9411, 50.1283],
            [5.949, 50.1427],
            [5.9532, 50.1564],
            [5.9616, 50.1656],
            [5.9829, 50.1671],
            [5.9983, 50.175],
            [6.0047, 50.1705],
            [6.008, 50.1609],
            [6.0141, 50.1536],
            [6.023, 50.1508],
            [6.0274, 50.1494],
            [6.0386, 50.1484],
            [6.0614, 50.1507],
            [6.07, 50.1542],
            [6.0765, 50.1586],
            [6.0842, 50.1593],
            [6.0971, 50.1513],
            [6.1015, 50.1421],
            [6.1003, 50.1327],
            [6.1026, 50.1247],
            [6.1175, 50.1205]
          ]
        ]
      }
    },
    {
      "type": "Feature",
      "properties": { "code": "LU-G", "name": "Grevenmacher", "country": "LU" },
      "geometry": {
        "type": "Polygon",
        "coordinates": [
          [
            [6.2956, 49.8486],
            [6.3016, 49.8383],
            [6.3026, 49.8349],
            [6.3107, 49.8345],
            [6.3256, 49.8404],
            [6.3344, 49.8402],
            [6.3514, 49.8333],
            [6.3801, 49.8156],
            [6.3971, 49.8086],
            [6.4145, 49.8055],
            [6.4625, 49.8055],
            [6.4933, 49.7996],
            [6.4972, 49.7994],
            [6.5026, 49.7957],
            [6.5023, 49.7959],
            [6.5001, 49.7945],
            [6.5, 49.7861],
            [6.4985, 49.7854],
            [6.4938, 49.7636],
            [6.4937, 49.7566],
            [6.4964, 49.7521],
            [6.496, 49.7482],
            [6.4863, 49.7427],
            [6.4855, 49.7338],
            [6.4878, 49.7256],
            [6.4926, 49.7184],
            [6.4997, 49.7122],
            [6.491, 49.7144],
            [6.4864, 49.7129],
            [6.4829, 49.7081],
            [6.4898, 49.703],
            [6.4917, 49.7008],
            [6.4182, 49.6699],
            [6.4027, 49.6558],
            [6.4045, 49.6525],
            [6.4109, 49.6496],
            [6.417, 49.6458],
            [6.4179, 49.6391],
            [6.4152, 49.6346],
            [6.4077, 49.6274],
            [6.3976, 49.6139],
            [6.3715, 49.593],
            [6.3564, 49.5776],
            [6.3508, 49.5666],
            [6.3508, 49.5349],
            [6.3488, 49.5253],
            [6.3423, 49.493],
            [6.3454, 49.4627],
            [6.3453, 49.4553],
            [6.3253, 49.4567],
            [6.2988, 49.4662],
            [6.2511, 49.4895],
            [6.2471, 49.5061],
            [6.2348, 49.54],
            [6.2339, 49.5536],
            [6.2409, 49.562],
            [6.273, 49.5823],
            [6.2806, 49.5849],
            [6.2988, 49.5875],
            [6.3012, 49.5936],
            [6.2995, 49.5984],
            [6.2944, 49.6022],
            [6.289, 49.6055],
            [6.2851, 49.6091],
            [6.2871, 49.6126],
            [6.2912, 49.6159],
            [6.3122, 49.6272],
            [6.295, 49.648],
            [6.2856, 49.6743],
            [6.2783, 49.6802],
            [6.2648, 49.6863],
            [6.2511, 49.6887],
            [6.1746, 49.69],
            [6.2201, 49.7369],
            [6.2283, 49.7419],
            [6.241, 49.7471],
            [6.248, 49.7463],
            [6.263, 49.7467],
            [6.2746, 49.7701],
            [6.2726, 49.7731],
            [6.267, 49.7771],
            [6.2622, 49.7791],
            [6.2463, 49.7906],
            [6.2659, 49.8122],
            [6.2667, 49.8157],
            [6.2668, 49.82],
            [6.2616, 49.8222],
            [6.2583, 49.8239],
            [6.2561, 49.8281],
            [6.258, 49.8328],
            [6.2639, 49.8411],
            [6.2696, 49.845],
            [6.2771, 49.8471],
            [6.2952, 49.8486],
            [6.2956, 49.8486]
          ]
        ]
      }
    },
    {
      "type": "Feature",
      "properties": { "code": "BE-VWV", "name": "West Flanders", "country": "BE" },
      "geometry": {
        "type": "Polygon",
        "coordinates": [
          [
            [2.6506, 50.8122],
            [2.6425, 50.8125],
            [2.6278, 50.8144],
            [2.6204, 50.8165],
            [2.6152, 50.8222],
            [2.6066, 50.8348],
            [2.602, 50.8381],
            [2.5899, 50.842],
            [2.5867, 50.8454],
            [2.5878, 50.85],
            [2.5955, 50.8611],
            [2.5967, 50.8676],
            [2.5769, 50.9115],
            [2.5827, 50.9207],
            [2.6058, 50.9352],
            [2.6117, 50.9412],
            [2.6084, 50.9611],
            [2.5927, 50.9761],
            [2.557, 51.0012],
            [2.5471, 51.0205],
            [2.537, 51.0646],
            [2.5218, 51.0875],
            [2.542, 51.0969],
            [2.5799, 51.1048],
            [2.7157, 51.1695],
            [2.9236, 51.2465],
            [3.1248, 51.3297],
            [3.349, 51.3751],
            [3.3494, 51.3752],
            [3.3581, 51.3367],
            [3.3539, 51.3119],
            [3.3532, 51.2886],
            [3.3674, 51.2635],
            [3.3917, 51.2468],
            [3.3988, 51.2447],
            [3.4, 51.2427],
            [3.367, 51.2296],
            [3.3841, 51.2036],
            [3.3598, 51.1928],
            [3.387, 51.1872],
            [3.4103, 51.1611],
            [3.3745, 51.1181],
            [3.3307, 51.1001],
            [3.4438, 51.0493],
            [3.4221, 51.0395],
            [3.452, 51.007],
            [3.4259, 50.9824],
            [3.443, 50.9678],
            [3.4121, 50.959],
            [3.4602, 50.9437],
            [3.4401, 50.9439],
            [3.4553, 50.9344],
            [3.4484, 50.9299],
            [3.4247, 50.9321],
            [3.4326, 50.9206],
            [3.4192, 50.9122],
            [3.4273, 50.8984],
            [3.4505, 50.9075],
            [3.4661, 50.9034],
            [3.474, 50.8846],
            [3.4505, 50.8693],
            [3.5124, 50.8355],
            [3.4995, 50.8252],
            [3.5225, 50.8052],
            [3.52, 50.7979],
            [3.4576, 50.7685],
            [3.4128, 50.7474],
            [3.3674, 50.7173],
            [3.3635, 50.7097],
            [3.3536, 50.7116],
            [3.3478, 50.7119],
            [3.3231, 50.7235],
            [3.3246, 50.7372],
            [3.3033, 50.7564],
            [3.2608, 50.7523],
            [3.2197, 50.7673],
            [3.1751, 50.7527],
            [3.1628, 50.7499],
            [3.1462, 50.7689],
            [3.1292, 50.7791],
            [3.1033, 50.7841],
            [3.0238, 50.7683],
            [3.023, 50.7716],
            [3.0144, 50.8051],
            [2.9988, 50.8116],
            [2.9406, 50.7967],
            [2.9397, 50.7922],
            [2.9602, 50.7768],
            [2.9224, 50.767],
            [2.9181, 50.7577],
            [2.8896, 50.7541],
            [2.8754, 50.7625],
            [2.8688, 50.7612],
            [2.8422, 50.7508],
            [2.8625, 50.7096],
            [2.8667, 50.7001],
            [2.7867, 50.7234],
            [2.7682, 50.7332],
            [2.763, 50.7394],
            [2.7495, 50.7596],
            [2.7438, 50.7662],
            [2.7066, 50.7888],
            [2.7, 50.7963],
            [2.6969, 50.803],
            [2.6919, 50.8088],
            [2.6787, 50.8132],
            [2.6692, 50.8139],
            [2.6506, 50.8122]
          ]
        ]
      }
    },
    {
      "type": "Feature",
      "properties": { "code": "BE-WHT", "name": "Hainaut", "country": "BE" },
      "geometry": {
        "type": "MultiPolygon",
        "coordinates": [
          [
            [
              [2.8869, 50.6966],
              [2.8713, 50.6988],
              [2.8667, 50.7001],
              [2.8625, 50.7096],
              [2.8422, 50.7508],
              [2.8688, 50.7612],
              [2.8754, 50.7625],
              [2.8896, 50.7541],
              [2.9181, 50.7577],
              [2.9224, 50.767],
              [2.9602, 50.7768],
              [2.9397, 50.7922],
              [2.9406, 50.7967],
              [2.9988, 50.8116],
              [3.0144, 50.8051],
              [3.023, 50.7716],
              [3.0238, 50.7683],
              [2.9714, 50.7578],
              [2.9484, 50.7487],
              [2.9302, 50.7362],
              [2.9001, 50.7031],
              [2.8869, 50.6966]
            ]
          ],
          [
            [
              [3.3611, 50.4898],
              [3.3436, 50.4929],
              [3.2999, 50.5075],
              [3.2868, 50.5141],
              [3.271, 50.5269],
              [3.2659, 50.5383],
              [3.2643, 50.5702],
              [3.2379, 50.6265],
              [3.2298, 50.6554],
              [3.2438, 50.6721],
              [3.2324, 50.6959],
              [3.2244, 50.7052],
              [3.211, 50.708],
              [3.1969, 50.7092],
              [3.189, 50.7151],
              [3.1767, 50.7341],
              [3.1628, 50.7499],
              [3.1751, 50.7527],
              [3.2197, 50.7673],
              [3.2608, 50.7523],
              [3.3033, 50.7564],
              [3.3246, 50.7372],
              [3.3231, 50.7235],
              [3.3478, 50.7119],
              [3.3536, 50.7116],
              [3.3635, 50.7097],
              [3.3674, 50.7173],
              [3.4128, 50.7474],
              [3.4576, 50.7685],
              [3.4941, 50.7589],
              [3.534, 50.7664],
              [3.5405, 50.7349],
              [3.6066, 50.7342],
              [3.6347, 50.7219],
              [3.6753, 50.7719],
              [3.704, 50.7821],
              [3.7145, 50.7686],
              [3.7578, 50.7803],
              [3.7746, 50.749],
              [3.8147, 50.7519],
              [3.828, 50.7435],
              [3.8844, 50.7514],
              [3.895, 50.7342],
              [3.888, 50.7176],
              [3.8928, 50.7064],
              [3.9069, 50.6947],
              [3.9282, 50.6898],
              [3.9888, 50.6887],
              [4.009, 50.699],
              [4.028, 50.695],
              [4.0515, 50.7028],
              [4.0585, 50.696],
              [4.0727, 50.7129],
              [4.0997, 50.7071],
              [4.1124, 50.7069],
              [4.0942, 50.7035],
              [4.0902, 50.6906],
              [4.0914, 50.6537],
              [4.1011, 50.636],
              [4.1186, 50.6313],
              [4.1418, 50.6336],
              [4.1733, 50.6611],
              [4.1843, 50.6639],
              [4.2037, 50.6477],
              [4.1986, 50.6268],
              [4.252, 50.6182],
              [4.2465, 50.5973],
              [4.2789, 50.593],
              [4.3041, 50.5681],
              [4.3336, 50.57],
              [4.3308, 50.5446],
              [4.3558, 50.5624],
              [4.4125, 50.5663],
              [4.423, 50.5593],
              [4.4681, 50.5596],
              [4.4729, 50.5544],
              [4.4701, 50.5297],
              [4.5031, 50.5407],
              [4.5019, 50.5314],
              [4.5166, 50.5272],
              [4.5768, 50.5434],
              [4.5589, 50.4941],
              [4.5948, 50.4999],
              [4.587, 50.4906],
              [4.5993, 50.4798],
              [4.586, 50.4565],
              [4.5725, 50.4549],
              [4.5821, 50.4479],
              [4.5727, 50.4418],
              [4.616, 50.4252],
              [4.6011, 50.4043],
              [4.5851, 50.4012],
              [4.6058, 50.3857],
              [4.5816, 50.36],
              [4.5879, 50.3225],
              [4.5203, 50.3154],
              [4.502, 50.3304],
              [4.4742, 50.3288],
              [4.4538, 50.3062],
              [4.3983, 50.3112],
              [4.3902, 50.2925],
              [4.3722, 50.2931],
              [4.3592, 50.2781],
              [4.3257, 50.2766],
              [4.286, 50.258],
              [4.3025, 50.2436],
              [4.3389, 50.2298],
              [4.3466, 50.23],
              [4.3651, 50.2437],
              [4.3862, 50.2408],
              [4.4005, 50.2337],
              [4.3884, 50.2017],
              [4.3966, 50.1874],
              [4.3601, 50.1693],
              [4.3984, 50.1264],
              [4.3853, 50.1093],
              [4.3862, 50.0693],
              [4.3906, 50.053],
              [4.4067, 50.0493],
              [4.4147, 49.9973],
              [4.444, 49.959],
              [4.4306, 49.9378],
              [4.4277, 49.9337],
              [4.4277, 49.9336],
              [4.2776, 49.9602],
              [4.2159, 49.9544],
              [4.2011, 49.953],
              [4.1877, 49.9555],
              [4.1317, 49.975],
              [4.1324, 49.9749],
              [4.1396, 49.9745],
              [4.1384, 49.9892],
              [4.1329, 50.0045],
              [4.1282, 50.0058],
              [4.1323, 50.0176],
              [4.1373, 50.0251],
              [4.1446, 50.0308],
              [4.1629, 50.0418],
              [4.186, 50.0525],
              [4.21, 50.0602],
              [4.2103, 50.0667],
              [4.2034, 50.0747],
              [4.1974, 50.0841],
              [4.1806, 50.1272],
              [4.1706, 50.1305],
              [4.1599, 50.1294],
              [4.1399, 50.1236],
              [4.1258, 50.1282],
              [4.1282, 50.1462],
              [4.1474, 50.1863],
              [4.1527, 50.2045],
              [4.1573, 50.2127],
              [4.1679, 50.2225],
              [4.1915, 50.2343],
              [4.2013, 50.2415],
              [4.2037, 50.252],
              [4.1976, 50.2585],
              [4.1852, 50.2655],
              [4.1718, 50.2709],
              [4.1628, 50.273],
              [4.1503, 50.2695],
              [4.1498, 50.2631],
              [4.151, 50.2563],
              [4.1437, 50.2516],
              [4.1253, 50.2571],
              [4.0979, 50.2948],
              [4.0772, 50.3066],
              [4.0559, 50.3146],
              [4.0227, 50.3381],
              [4.0033, 50.3441],
              [3.9821, 50.3426],
              [3.9186, 50.3255],
              [3.8959, 50.3253],
              [3.878, 50.3308],
              [3.8609, 50.3385],
              [3.8402, 50.3452],
              [3.7987, 50.3485],
              [3.755, 50.3463],
              [3.7415, 50.3431],
              [3.7334, 50.3372],
              [3.7155, 50.3177],
              [3.7111, 50.3093],
              [3.7084, 50.3063],
              [3.7039, 50.3043],
              [3.7022, 50.3053],
              [3.7008, 50.3047],
              [3.6969, 50.2982],
              [3.6617, 50.3193],
              [3.6529, 50.3602],
              [3.6528, 50.4068],
              [3.6444, 50.4455],
              [3.6281, 50.4644],
              [3.6083, 50.4765],
              [3.5864, 50.4835],
              [3.5637, 50.4865],
              [3.4991, 50.4868],
              [3.4867, 50.4927],
              [3.4965, 50.5038],
              [3.498, 50.5119],
              [3.4915, 50.5171],
              [3.4771, 50.5199],
              [3.4629, 50.5191],
              [3.4526, 50.5149],
              [3.4427, 50.5085],
              [3.4292, 50.5018],
              [3.3854, 50.4916],
              [3.3611, 50.4898]
            ]
          ]
        ]
      }
    },
    {
      "type": "Feature",
      "properties": { "code": "BE-WNA", "name": "Namur", "country": "BE" },
      "geometry": {
        "type": "Polygon",
        "coordinates": [
          [
            [4.8314, 50.1434],
            [4.8201, 50.1464],
            [4.8156, 50.1613],
            [4.7886, 50.1534],
            [4.6819, 50.0839],
            [4.6761, 50.0761],
            [4.6734, 50.0662],
            [4.6758, 50.0602],
            [4.6795, 50.0552],
            [4.6806, 50.0483],
            [4.6729, 50.0164],
            [4.6659, 50.0005],
            [4.6567, 49.9891],
            [4.6458, 49.9845],
            [4.6042, 49.9802],
            [4.4648, 49.9356],
            [4.4351, 49.9323],
            [4.4277, 49.9336],
            [4.4277, 49.9337],
            [4.4306, 49.9378],
            [4.444, 49.959],
            [4.4147, 49.9973],
            [4.4067, 50.0493],
            [4.3906, 50.053],
            [4.3862, 50.0693],
            [4.3853, 50.1093],
            [4.3984, 50.1264],
            [4.3601, 50.1693],
            [4.3966, 50.1874],
            [4.3884, 50.2017],
            [4.4005, 50.2337],
            [4.3862, 50.2408],
            [4.3651, 50.2437],
            [4.3466, 50.23],
            [4.3389, 50.2298],
            [4.3025, 50.2436],
            [4.286, 50.258],
            [4.3257, 50.2766],
            [4.3592, 50.2781],
            [4.3722, 50.2931],
            [4.3902, 50.2925],
            [4.3983, 50.3112],
            [4.4538, 50.3062],
            [4.4742, 50.3288],
            [4.502, 50.3304],
            [4.5203, 50.3154],
            [4.5879, 50.3225],
            [4.5816, 50.36],
            [4.6058, 50.3857],
            [4.5851, 50.4012],
            [4.6011, 50.4043],
            [4.616, 50.4252],
            [4.5727, 50.4418],
            [4.5821, 50.4479],
            [4.5725, 50.4549],
            [4.586, 50.4565],
            [4.5993, 50.4798],
            [4.587, 50.4906],
            [4.5948, 50.4999],
            [4.5589, 50.4941],
            [4.5768, 50.5434],
            [4.5732, 50.5604],
            [4.5901, 50.5689],
            [4.6078, 50.5705],
            [4.6442, 50.5622],
            [4.6666, 50.5654],
            [4.655, 50.5966],
            [4.6661, 50.6085],
            [4.6758, 50.6085],
            [4.7037, 50.5961],
            [4.7083, 50.6071],
            [4.7341, 50.6117],
            [4.7405, 50.5916],
            [4.7807, 50.6016],
            [4.7919, 50.591],
            [4.7881, 50.6026],
            [4.7932, 50.6057],
            [4.9004, 50.6237],
            [4.9014, 50.6298],
            [4.9279, 50.6284],
            [4.9508, 50.648],
            [4.9826, 50.6434],
            [4.9791, 50.6193],
            [5.0277, 50.5899],
            [5.0534, 50.5419],
            [5.0346, 50.5329],
            [5.0904, 50.5309],
            [5.1054, 50.5074],
            [5.119, 50.5058],
            [5.1428, 50.5129],
            [5.1293, 50.5046],
            [5.1363, 50.4888],
            [5.156, 50.4906],
            [5.151, 50.4819],
            [5.1621, 50.4699],
            [5.1959, 50.4786],
            [5.2176, 50.4647],
            [5.2361, 50.4381],
            [5.2205, 50.4184],
            [5.2328, 50.4056],
            [5.2824, 50.3969],
            [5.2813, 50.3785],
            [5.2951, 50.3662],
            [5.3499, 50.3897],
            [5.3924, 50.3805],
            [5.4012, 50.3676],
            [5.3802, 50.3496],
            [5.3944, 50.3378],
            [5.3401, 50.3118],
            [5.3478, 50.3066],
            [5.3602, 50.3181],
            [5.3834, 50.3192],
            [5.3937, 50.3032],
            [5.3927, 50.2881],
            [5.3652, 50.2697],
            [5.2945, 50.2404],
            [5.284, 50.2492],
            [5.273, 50.2485],
            [5.2507, 50.2388],
            [5.2533, 50.2271],
            [5.2245, 50.2283],
            [5.2059, 50.2199],
            [5.2444, 50.2062],
            [5.2335, 50.1963],
            [5.2456, 50.1962],
            [5.2441, 50.186],
            [5.2796, 50.1595],
            [5.2703, 50.1414],
            [5.2418, 50.1355],
            [5.2673, 50.1203],
            [5.2622, 50.1096],
            [5.2354, 50.1113],
            [5.2083, 50.0991],
            [5.187, 50.0962],
            [5.0933, 50.092],
            [5.0721, 50.0968],
            [5.0662, 50.1248],
            [5.0515, 50.0863],
            [5.0602, 50.0806],
            [5.0496, 50.0637],
            [5.017, 50.0418],
            [5.0073, 50.0397],
            [4.9982, 50.0458],
            [4.9911, 50.0303],
            [4.9722, 50.0306],
            [4.9965, 50.0153],
            [5.0094, 49.9827],
            [5.02, 49.9793],
            [5.0626, 49.9848],
            [5.0718, 49.9713],
            [5.101, 49.9616],
            [5.0972, 49.9393],
            [5.1189, 49.9253],
            [5.0687, 49.9124],
            [5.0432, 49.8969],
            [5.0599, 49.8861],
            [4.9849, 49.8513],
            [4.9807, 49.8425],
            [4.9892, 49.8234],
            [4.9763, 49.8209],
            [4.9718, 49.8039],
            [4.9685, 49.7973],
            [4.9684, 49.797],
            [4.95, 49.7964],
            [4.9066, 49.7865],
            [4.8842, 49.7841],
            [4.858, 49.7866],
            [4.849, 49.7942],
            [4.8492, 49.8316],
            [4.8468, 49.8375],
            [4.8369, 49.848],
            [4.8349, 49.853],
            [4.8367, 49.8591],
            [4.8456, 49.8658],
            [4.8489, 49.8711],
            [4.8543, 49.8833],
            [4.8594, 49.8917],
            [4.862, 49.9003],
            [4.8602, 49.9133],
            [4.8446, 49.9317],
            [4.7973, 49.9443],
            [4.7839, 49.9583],
            [4.7883, 49.9743],
            [4.8267, 50.036],
            [4.8276, 50.0467],
            [4.8261, 50.055],
            [4.8272, 50.0641],
            [4.846, 50.0907],
            [4.8521, 50.0916],
            [4.8629, 50.0841],
            [4.8652, 50.1016],
            [4.8705, 50.1223],
            [4.8719, 50.1398],
            [4.8627, 50.1476],
            [4.8314, 50.1434]
          ]
        ]
      }
    },
    {
      "type": "Feature",
      "properties": { "code": "BE-WLX", "name": "Luxembourg", "country": "BE" },
      "geometry": {
        "type": "Polygon",
        "coordinates": [
          [
            [5.1925, 49.6828],
            [5.1694, 49.6872],
            [5.1512, 49.696],
            [5.1364, 49.7053],
            [5.0938, 49.7453],
            [5.0819, 49.7527],
            [5.0462, 49.7594],
            [5.0263, 49.7667],
            [4.9891, 49.7906],
            [4.971, 49.7971],
            [4.9684, 49.797],
            [4.9685, 49.7973],
            [4.9718, 49.8039],
            [4.9763, 49.8209],
            [4.9892, 49.8234],
            [4.9807, 49.8425],
            [4.9849, 49.8513],
            [5.0599, 49.8861],
            [5.0432, 49.8969],
            [5.0687, 49.9124],
            [5.1189, 49.9253],
            [5.0972, 49.9393],
            [5.101, 49.9616],
            [5.0718, 49.9713],
            [5.0626, 49.9848],
            [5.02, 49.9793],
            [5.0094, 49.9827],
            [4.9965, 50.0153],
            [4.9722, 50.0306],
            [4.9911, 50.0303],
            [4.9982, 50.0458],
            [5.0073, 50.0397],
            [5.017, 50.0418],
            [5.0496, 50.0637],
            [5.0602, 50.0806],
            [5.0515, 50.0863],
            [5.0662, 50.1248],
            [5.0721, 50.0968],
            [5.0933, 50.092],
            [5.187, 50.0962],
            [5.2083, 50.0991],
            [5.2354, 50.1113],
            [5.2622, 50.1096],
            [5.2673, 50.1203],
            [5.2418, 50.1355],
            [5.2703, 50.1414],
            [5.2796, 50.1595],
            [5.2441, 50.186],
            [5.2456, 50.1962],
            [5.2335, 50.1963],
            [5.2444, 50.2062],
            [5.2059, 50.2199],
            [5.2245, 50.2283],
            [5.2533, 50.2271],
            [5.2507, 50.2388],
            [5.273, 50.2485],
            [5.284, 50.2492],
            [5.2945, 50.2404],
            [5.3652, 50.2697],
            [5.3927, 50.2881],
            [5.3937, 50.3032],
            [5.3834, 50.3192],
            [5.3602, 50.3181],
            [5.3478, 50.3066],
            [5.3401, 50.3118],
            [5.3944, 50.3378],
            [5.3802, 50.3496],
            [5.4012, 50.3676],
            [5.3924, 50.3805],
            [5.4257, 50.4006],
            [5.4057, 50.4234],
            [5.4118, 50.4303],
            [5.4251, 50.4308],
            [5.4685, 50.4091],
            [5.5086, 50.426],
            [5.5178, 50.4063],
            [5.5347, 50.4041],
            [5.5316, 50.3951],
            [5.5371, 50.3919],
            [5.5537, 50.3903],
            [5.5877, 50.4006],
            [5.6419, 50.3682],
            [5.675, 50.3696],
            [5.6703, 50.3576],
            [5.7208, 50.3575],
            [5.7034, 50.3326],
            [5.7045, 50.3216],
            [5.7206, 50.3041],
            [5.7476, 50.2998],
            [5.7207, 50.2631],
            [5.7809, 50.269],
            [5.7972, 50.2657],
            [5.8039, 50.2561],
            [5.8104, 50.2659],
            [5.8738, 50.2715],
            [5.8803, 50.2813],
            [5.8455, 50.2846],
            [5.8678, 50.3195],
            [5.8493, 50.3295],
            [5.8581, 50.3479],
            [5.9793, 50.3309],
            [5.9811, 50.3223],
            [6.013, 50.3118],
            [6.0075, 50.2187],
            [6.0119, 50.2077],
            [6.0338, 50.2048],
            [6.0199, 50.1947],
            [6.0241, 50.1839],
            [6.0249, 50.1816],
            [6.023, 50.1509],
            [6.023, 50.1508],
            [6.0141, 50.1536],
            [6.008, 50.1609],
            [6.0047, 50.1705],
            [5.9983, 50.175],
            [5.9829, 50.1671],
            [5.9616, 50.1656],
            [5.9532, 50.1564],
            [5.949, 50.1427],
            [5.9411, 50.1283],
            [5.9262, 50.1183],
            [5.889, 50.1066],
            [5.8724, 50.0969],
            [5.8688, 50.0905],
            [5.8669, 50.0743],
            [5.8644, 50.0675],
            [5.8583, 50.0618],
            [5.8437, 50.0536],
            [5.8377, 50.0474],
            [5.8388, 50.0359],
            [5.8388, 50.0265],
            [5.8364, 50.0185],
            [5.8291, 50.0136],
            [5.8089, 50.0078],
            [5.8027, 50.0025],
            [5.8015, 49.9887],
            [5.8086, 49.9831],
            [5.8126, 49.9776],
            [5.8016, 49.9638],
            [5.7934, 49.9588],
            [5.7786, 49.9566],
            [5.7716, 49.9535],
            [5.7637, 49.9468],
            [5.76, 49.9416],
            [5.7576, 49.9365],
            [5.7536, 49.9302],
            [5.719, 49.8914],
            [5.7149, 49.8819],
            [5.7267, 49.8782],
            [5.7488, 49.8673],
            [5.7581, 49.8582],
            [5.7319, 49.86],
            [5.732, 49.8542],
            [5.7305, 49.8512],
            [5.7287, 49.8488],
            [5.7269, 49.8452],
            [5.7365, 49.8394],
            [5.7246, 49.8343],
            [5.7202, 49.8247],
            [5.7216, 49.8128],
            [5.7277, 49.8002],
            [5.7383, 49.7888],
            [5.7484, 49.7856],
            [5.7592, 49.7845],
            [5.7719, 49.7794],
            [5.7785, 49.773],
            [5.8021, 49.7429],
            [5.8036, 49.7382],
            [5.8058, 49.7242],
            [5.8054, 49.7219],
            [5.8118, 49.7185],
            [5.8257, 49.7158],
            [5.8317, 49.7136],
            [5.8373, 49.7129],
            [5.8437, 49.7143],
            [5.8502, 49.714],
            [5.856, 49.7081],
            [5.8564, 49.7058],
            [5.8573, 49.7004],
            [5.8536, 49.6963],
            [5.8488, 49.6927],
            [5.8472, 49.6872],
            [5.8467, 49.6807],
            [5.8437, 49.6775],
            [5.8423, 49.6739],
            [5.8458, 49.6666],
            [5.8526, 49.6632],
            [5.8726, 49.6617],
            [5.8799, 49.6577],
            [5.8855, 49.6435],
            [5.8799, 49.6349],
            [5.87, 49.6289],
            [5.862, 49.6228],
            [5.8492, 49.5997],
            [5.8412, 49.5897],
            [5.83, 49.5828],
            [5.8469, 49.5767],
            [5.8374, 49.5611],
            [5.8145, 49.5451],
            [5.7907, 49.5378],
            [5.779, 49.5396],
            [5.7571, 49.5484],
            [5.7463, 49.5494],
            [5.7356, 49.5457],
            [5.7227, 49.5346],
            [5.7103, 49.5311],
            [5.6887, 49.5335],
            [5.6672, 49.5404],
            [5.6446, 49.5438],
            [5.6197, 49.5355],
            [5.6079, 49.5249],
            [5.6056, 49.5178],
            [5.6023, 49.5137],
            [5.5875, 49.5124],
            [5.5789, 49.5139],
            [5.5476, 49.5234],
            [5.5288, 49.518],
            [5.5037, 49.5051],
            [5.4777, 49.4952],
            [5.4561, 49.4989],
            [5.4499, 49.5078],
            [5.451, 49.5168],
            [5.4542, 49.5262],
            [5.4544, 49.5366],
            [5.4502, 49.5458],
            [5.4021, 49.6025],
            [5.3912, 49.6088],
            [5.3835, 49.6133],
            [5.3525, 49.6207],
            [5.3411, 49.6251],
            [5.3349, 49.6258],
            [5.3312, 49.6231],
            [5.3269, 49.6176],
            [5.3217, 49.6126],
            [5.3145, 49.6111],
            [5.2979, 49.6133],
            [5.293, 49.6172],
            [5.2907, 49.6264],
            [5.2938, 49.6405],
            [5.3018, 49.6439],
            [5.3064, 49.6475],
            [5.2994, 49.6625],
            [5.2801, 49.6779],
            [5.2592, 49.6913],
            [5.2376, 49.691],
            [5.1925, 49.6828]
          ]
        ]
      }
    },
    {
      "type": "Feature",
      "properties": { "code": "BE-WLG", "name": "Liege", "country": "BE" },
      "geometry": {
        "type": "Polygon",
        "coordinates": [
          [
            [6.0386, 50.1484],
            [6.0274, 50.1494],
            [6.023, 50.1508],
            [6.023, 50.1509],
            [6.0249, 50.1816],
            [6.0241, 50.1839],
            [6.0199, 50.1947],
            [6.0338, 50.2048],
            [6.0119, 50.2077],
            [6.0075, 50.2187],
            [6.013, 50.3118],
            [5.9811, 50.3223],
            [5.9793, 50.3309],
            [5.8581, 50.3479],
            [5.8493, 50.3295],
            [5.8678, 50.3195],
            [5.8455, 50.2846],
            [5.8803, 50.2813],
            [5.8738, 50.2715],
            [5.8104, 50.2659],
            [5.8039, 50.2561],
            [5.7972, 50.2657],
            [5.7809, 50.269],
            [5.7207, 50.2631],
            [5.7476, 50.2998],
            [5.7206, 50.3041],
            [5.7045, 50.3216],
            [5.7034, 50.3326],
            [5.7208, 50.3575],
            [5.6703, 50.3576],
            [5.675, 50.3696],
            [5.6419, 50.3682],
            [5.5877, 50.4006],
            [5.5537, 50.3903],
            [5.5371, 50.3919],
            [5.5316, 50.3951],
            [5.5347, 50.4041],
            [5.5178, 50.4063],
            [5.5086, 50.426],
            [5.4685, 50.4091],
            [5.4251, 50.4308],
            [5.4118, 50.4303],
            [5.4057, 50.4234],
            [5.4257, 50.4006],
            [5.3924, 50.3805],
            [5.3499, 50.3897],
            [5.2951, 50.3662],
            [5.2813, 50.3785],
            [5.2824, 50.3969],
            [5.2328, 50.4056],
            [5.2205, 50.4184],
            [5.2361, 50.4381],
            [5.2176, 50.4647],
            [5.1959, 50.4786],
            [5.1621, 50.4699],
            [5.151, 50.4819],
            [5.156, 50.4906],
            [5.1363, 50.4888],
            [5.1293, 50.5046],
            [5.1428, 50.5129],
            [5.119, 50.5058],
            [5.1054, 50.5074],
            [5.0904, 50.5309],
            [5.0346, 50.5329],
            [5.0534, 50.5419],
            [5.0277, 50.5899],
            [4.9791, 50.6193],
            [4.9826, 50.6434],
            [5.0018, 50.6662],
            [5.0008, 50.6958],
            [5.0166, 50.703],
            [4.992, 50.7253],
            [5.0158, 50.7335],
            [5.0191, 50.7519],
            [5.0435, 50.7428],
            [5.043, 50.7251],
            [5.0595, 50.7116],
            [5.0747, 50.7069],
            [5.1011, 50.7098],
            [5.1677, 50.6973],
            [5.1804, 50.7072],
            [5.1694, 50.7236],
            [5.2289, 50.7188],
            [5.2362, 50.7282],
            [5.2434, 50.7169],
            [5.2756, 50.7294],
            [5.3074, 50.7184],
            [5.3123, 50.7297],
            [5.3321, 50.741],
            [5.3782, 50.7508],
            [5.3918, 50.7471],
            [5.4041, 50.7275],
            [5.431, 50.7209],
            [5.4532, 50.7223],
            [5.4612, 50.74],
            [5.4808, 50.7264],
            [5.4968, 50.7289],
            [5.5238, 50.7438],
            [5.5219, 50.76],
            [5.6085, 50.7764],
            [5.6574, 50.8076],
            [5.6633, 50.8051],
            [5.6849, 50.7985],
            [5.7005, 50.7956],
            [5.6987, 50.7838],
            [5.6884, 50.7608],
            [5.7066, 50.7542],
            [5.7174, 50.7528],
            [5.7278, 50.7542],
            [5.7328, 50.7589],
            [5.7353, 50.7564],
            [5.7503, 50.7469],
            [5.776, 50.7512],
            [5.8183, 50.7156],
            [5.8542, 50.7189],
            [5.8782, 50.711],
            [5.8869, 50.7133],
            [5.9102, 50.736],
            [5.8913, 50.7512],
            [5.9022, 50.749],
            [5.9748, 50.7475],
            [5.9949, 50.7499],
            [5.9933, 50.7481],
            [5.9926, 50.7463],
            [5.9927, 50.7444],
            [5.9942, 50.7426],
            [6.0108, 50.7371],
            [6.0113, 50.7274],
            [6.0076, 50.7169],
            [6.0115, 50.7085],
            [6.0248, 50.7076],
            [6.0644, 50.7145],
            [6.081, 50.7135],
            [6.1002, 50.7013],
            [6.1611, 50.6422],
            [6.1478, 50.6368],
            [6.1594, 50.6224],
            [6.18, 50.6155],
            [6.2491, 50.6144],
            [6.2513, 50.6084],
            [6.2443, 50.5995],
            [6.2329, 50.5908],
            [6.2329, 50.5871],
            [6.2106, 50.5787],
            [6.1791, 50.562],
            [6.1607, 50.5436],
            [6.1773, 50.5302],
            [6.1695, 50.5225],
            [6.1708, 50.518],
            [6.1789, 50.5158],
            [6.1906, 50.5152],
            [6.1826, 50.5066],
            [6.1907, 50.5018],
            [6.1992, 50.4904],
            [6.2072, 50.4863],
            [6.2171, 50.486],
            [6.2509, 50.4927],
            [6.2531, 50.4941],
            [6.2556, 50.4946],
            [6.2578, 50.4941],
            [6.2601, 50.4927],
            [6.2754, 50.488],
            [6.3187, 50.4817],
            [6.3369, 50.481],
            [6.3257, 50.474],
            [6.3233, 50.466],
            [6.3262, 50.457],
            [6.3316, 50.4469],
            [6.3402, 50.4379],
            [6.3473, 50.437],
            [6.3512, 50.4336],
            [6.3504, 50.4169],
            [6.3433, 50.3933],
            [6.3364, 50.3799],
            [6.3377, 50.3681],
            [6.3725, 50.3294],
            [6.3734, 50.3231],
            [6.3745, 50.3155],
            [6.362, 50.307],
            [6.3355, 50.3039],
            [6.322, 50.3054],
            [6.3107, 50.3082],
            [6.2995, 50.3089],
            [6.286, 50.3039],
            [6.276, 50.2961],
            [6.2694, 50.2865],
            [6.2673, 50.2764],
            [6.2718, 50.2674],
            [6.2534, 50.2568],
            [6.2104, 50.249],
            [6.1896, 50.2427],
            [6.1798, 50.233],
            [6.1572, 50.2227],
            [6.1468, 50.214],
            [6.1602, 50.2045],
            [6.1658, 50.1932],
            [6.1651, 50.1819],
            [6.1591, 50.1724],
            [6.1517, 50.1693],
            [6.1317, 50.1683],
            [6.1232, 50.1649],
            [6.1213, 50.1616],
            [6.118, 50.1504],
            [6.1158, 50.1455],
            [6.126, 50.1402],
            [6.1295, 50.134],
            [6.1266, 50.1273],
            [6.1175, 50.1205],
            [6.1026, 50.1247],
            [6.1003, 50.1327],
            [6.1015, 50.1421],
            [6.0971, 50.1513],
            [6.0842, 50.1593],
            [6.0765, 50.1586],
            [6.07, 50.1542],
            [6.0614, 50.1507],
            [6.0386, 50.1484]
          ]
        ]
      }
    },
    {
      "type": "Feature",
      "properties": { "code": "LU-L", "name": "Luxembourg", "country": "LU" },
      "geometry": {
        "type": "Polygon",
        "coordinates": [
          [
            [5.7907, 49.5378],
            [5.8145, 49.5451],
            [5.8374, 49.5611],
            [5.8469, 49.5767],
            [5.83, 49.5828],
            [5.8412, 49.5897],
            [5.8492, 49.5997],
            [5.862, 49.6228],
            [5.87, 49.6289],
            [5.8799, 49.6349],
            [5.8855, 49.6435],
            [5.8799, 49.6577],
            [5.8726, 49.6617],
            [5.8526, 49.6632],
            [5.8458, 49.6666],
            [5.8423, 49.6739],
            [5.8437, 49.6775],
            [5.8467, 49.6807],
            [5.8472, 49.6872],
            [5.8488, 49.6927],
            [5.8536, 49.6963],
            [5.8573, 49.7004],
            [5.8564, 49.7058],
            [5.876, 49.71],
            [5.9191, 49.7109],
            [5.9343, 49.7137],
            [5.9594, 49.7216],
            [5.994, 49.7289],
            [5.9937, 49.7394],
            [5.9951, 49.7504],
            [5.9987, 49.7613],
            [5.9993, 49.7754],
            [6.0013, 49.7813],
            [6.0137, 49.7903],
            [6.0187, 49.7974],
            [6.0291, 49.8063],
            [6.0316, 49.813],
            [6.0338, 49.8172],
            [6.0431, 49.8245],
            [6.0598, 49.8296],
            [6.0694, 49.8297],
            [6.0811, 49.8281],
            [6.0955, 49.8219],
            [6.1045, 49.8191],
            [6.1138, 49.8176],
            [6.1474, 49.8236],
            [6.1573, 49.8238],
            [6.1847, 49.8194],
            [6.1939, 49.8124],
            [6.2145, 49.7999],
            [6.2463, 49.7906],
            [6.2622, 49.7791],
            [6.267, 49.7771],
            [6.2726, 49.7731],
            [6.2746, 49.7701],
            [6.263, 49.7467],
            [6.248, 49.7463],
            [6.241, 49.7471],
            [6.2283, 49.7419],
            [6.2201, 49.7369],
            [6.1746, 49.69],
            [6.2511, 49.6887],
            [6.2648, 49.6863],
            [6.2783, 49.6802],
            [6.2856, 49.6743],
            [6.295, 49.648],
            [6.3122, 49.6272],
            [6.2912, 49.6159],
            [6.2871, 49.6126],
            [6.2851, 49.6091],
            [6.289, 49.6055],
            [6.2944, 49.6022],
            [6.2995, 49.5984],
            [6.3012, 49.5936],
            [6.2988, 49.5875],
            [6.2806, 49.5849],
            [6.273, 49.5823],
            [6.2409, 49.562],
            [6.2339, 49.5536],
            [6.2348, 49.54],
            [6.2471, 49.5061],
            [6.2511, 49.4895],
            [6.2494, 49.4903],
            [6.222, 49.4974],
            [6.1936, 49.4994],
            [6.1361, 49.4953],
            [6.1426, 49.4861],
            [6.1144, 49.4844],
            [6.1073, 49.4825],
            [6.102, 49.4764],
            [6.1021, 49.47],
            [6.0998, 49.4646],
            [6.0877, 49.4616],
            [6.078, 49.452],
            [6.0633, 49.4485],
            [5.9781, 49.4451],
            [5.9607, 49.4413],
            [5.947, 49.47],
            [5.9281, 49.4823],
            [5.8647, 49.4922],
            [5.8396, 49.4999],
            [5.8221, 49.5105],
            [5.7907, 49.5378]
          ]
        ]
      }
    },
    {
      "type": "Feature",
      "properties": { "code": "CH-VS", "name": "Valais", "country": "CH" },
      "geometry": {
        "type": "Polygon",
        "coordinates": [
          [
            [7.8496, 45.9397],
            [7.8484, 45.9381],
            [7.8453, 45.9278],
            [7.8461, 45.9226],
            [7.8437, 45.9192],
            [7.8312, 45.9145],
            [7.8254, 45.9147],
            [7.8076, 45.9185],
            [7.7801, 45.9181],
            [7.732, 45.9304],
            [7.7222, 45.9296],
            [7.7146, 45.9271],
            [7.7063, 45.9257],
            [7.694, 45.9287],
            [7.6925, 45.9312],
            [7.6737, 45.9503],
            [7.6587, 45.96],
            [7.643, 45.9663],
            [7.5411, 45.9841],
            [7.5244, 45.9781],
            [7.5147, 45.9667],
            [7.5037, 45.9567],
            [7.4827, 45.9549],
            [7.453, 45.9459],
            [7.3938, 45.9157],
            [7.3618, 45.9078],
            [7.2867, 45.9134],
            [7.2735, 45.9103],
            [7.2454, 45.8981],
            [7.1837, 45.8805],
            [7.1535, 45.8765],
            [7.1209, 45.8761],
            [7.0902, 45.8805],
            [7.0669, 45.8902],
            [7.0221, 45.9253],
            [7.0152, 45.9333],
            [7.0098, 45.9434],
            [7.0028, 45.9617],
            [6.9913, 45.9825],
            [6.9877, 45.9931],
            [6.9828, 45.9954],
            [6.9151, 46.0486],
            [6.8924, 46.0556],
            [6.884, 46.0532],
            [6.8769, 46.0481],
            [6.8692, 46.0441],
            [6.8597, 46.045],
            [6.8509, 46.0496],
            [6.8503, 46.0527],
            [6.8524, 46.0569],
            [6.852, 46.0647],
            [6.8534, 46.0657],
            [6.8531, 46.0761],
            [6.8513, 46.086],
            [6.8486, 46.085],
            [6.8531, 46.0902],
            [6.8612, 46.097],
            [6.8682, 46.1047],
            [6.8692, 46.1123],
            [6.8539, 46.1226],
            [6.7743, 46.1348],
            [6.7657, 46.1516],
            [6.7749, 46.1859],
            [6.7922, 46.2217],
            [6.8277, 46.2695],
            [6.8049, 46.2966],
            [6.7695, 46.3227],
            [6.7504, 46.3455],
            [6.7557, 46.3571],
            [6.7821, 46.3785],
            [6.7892, 46.3952],
            [6.7881, 46.405],
            [6.807, 46.4042],
            [6.8546, 46.3977],
            [6.8666, 46.4027],
            [6.8733, 46.3955],
            [6.8881, 46.3833],
            [6.8945, 46.3748],
            [6.8943, 46.3696],
            [6.8919, 46.363],
            [6.8908, 46.3555],
            [6.8945, 46.3481],
            [6.9069, 46.3422],
            [6.9203, 46.3402],
            [6.931, 46.3343],
            [6.9355, 46.3167],
            [6.9401, 46.3076],
            [7.0037, 46.2309],
            [7.0261, 46.21],
            [7.0335, 46.2002],
            [7.0449, 46.1899],
            [7.0832, 46.2049],
            [7.1161, 46.2198],
            [7.1396, 46.2401],
            [7.1512, 46.2436],
            [7.1702, 46.257],
            [7.1842, 46.2706],
            [7.196, 46.2849],
            [7.1997, 46.2925],
            [7.198, 46.3057],
            [7.1985, 46.3089],
            [7.2157, 46.3219],
            [7.2278, 46.3314],
            [7.2626, 46.3457],
            [7.2703, 46.3547],
            [7.2706, 46.3583],
            [7.2711, 46.3612],
            [7.2725, 46.3626],
            [7.2759, 46.364],
            [7.3083, 46.3716],
            [7.3143, 46.3716],
            [7.3171, 46.3694],
            [7.3177, 46.3623],
            [7.3167, 46.3574],
            [7.3166, 46.3542],
            [7.3177, 46.3519],
            [7.3237, 46.3506],
            [7.3296, 46.3485],
            [7.3673, 46.3572],
            [7.3901, 46.3682],
            [7.3997, 46.3762],
            [7.4019, 46.3776],
            [7.4042, 46.3786],
            [7.4186, 46.3807],
            [7.4623, 46.381],
            [7.4862, 46.3761],
            [7.4888, 46.3751],
            [7.4947, 46.374],
            [7.5009, 46.3741],
            [7.5096, 46.3757],
            [7.5453, 46.3862],
            [7.5599, 46.3952],
            [7.5469, 46.4003],
            [7.541, 46.4056],
            [7.5639, 46.4155],
            [7.5978, 46.4226],
            [7.6009, 46.425],
            [7.6116, 46.4309],
            [7.6137, 46.433],
            [7.615, 46.4368],
            [7.6165, 46.4397],
            [7.6196, 46.4416],
            [7.6244, 46.4434],
            [7.6452, 46.4414],
            [7.7113, 46.4194],
            [7.7231, 46.4202],
            [7.8449, 46.4813],
            [7.8566, 46.4788],
            [7.8717, 46.4789],
            [7.8808, 46.48],
            [7.9019, 46.4856],
            [7.9385, 46.5035],
            [7.9661, 46.5157],
            [7.9692, 46.5186],
            [7.9729, 46.5236],
            [7.9728, 46.5268],
            [7.9714, 46.5302],
            [7.9692, 46.5335],
            [7.9666, 46.5364],
            [7.965, 46.5386],
            [7.9652, 46.5399],
            [7.967, 46.5414],
            [7.9704, 46.5435],
            [8.0031, 46.5574],
            [8.0288, 46.5584],
            [8.1142, 46.5472],
            [8.1227, 46.5421],
            [8.1467, 46.5348],
            [8.1734, 46.5328],
            [8.1748, 46.5322],
            [8.1751, 46.5303],
            [8.1751, 46.5278],
            [8.1761, 46.5246],
            [8.1793, 46.5228],
            [8.1844, 46.5218],
            [8.1903, 46.5219],
            [8.2425, 46.5293],
            [8.2664, 46.5352],
            [8.3124, 46.553],
            [8.323, 46.5593],
            [8.3387, 46.5663],
            [8.3491, 46.5735],
            [8.3542, 46.5785],
            [8.3584, 46.5842],
            [8.3635, 46.6061],
            [8.3695, 46.6218],
            [8.3736, 46.6297],
            [8.3795, 46.6381],
            [8.3986, 46.6545],
            [8.4094, 46.6557],
            [8.4177, 46.6529],
            [8.42, 46.6503],
            [8.4217, 46.6459],
            [8.4212, 46.6374],
            [8.4191, 46.6251],
            [8.4156, 46.6142],
            [8.4085, 46.598],
            [8.4076, 46.5932],
            [8.4088, 46.5874],
            [8.4116, 46.5812],
            [8.4222, 46.563],
            [8.4374, 46.5466],
            [8.4769, 46.5318],
            [8.4476, 46.5046],
            [8.431, 46.497],
            [8.408, 46.495],
            [8.3992, 46.4932],
            [8.396, 46.4909],
            [8.3955, 46.4885],
            [8.3967, 46.4865],
            [8.397, 46.4846],
            [8.3964, 46.4824],
            [8.3913, 46.4757],
            [8.3871, 46.4685],
            [8.3846, 46.4621],
            [8.3856, 46.4546],
            [8.3859, 46.4506],
            [8.3859, 46.4502],
            [8.3434, 46.4439],
            [8.3163, 46.4337],
            [8.295, 46.418],
            [8.2866, 46.4054],
            [8.2904, 46.4011],
            [8.297, 46.3976],
            [8.2975, 46.3875],
            [8.2915, 46.3784],
            [8.2815, 46.3701],
            [8.2701, 46.364],
            [8.2417, 46.3541],
            [8.1926, 46.3092],
            [8.1719, 46.2992],
            [8.1285, 46.2925],
            [8.1069, 46.2855],
            [8.0873, 46.2718],
            [8.0773, 46.262],
            [8.0731, 46.2536],
            [8.0766, 46.2497],
            [8.0999, 46.2356],
            [8.1295, 46.196],
            [8.1323, 46.1594],
            [8.1106, 46.127],
            [8.0669, 46.1006],
            [8.056, 46.0981],
            [8.0354, 46.0965],
            [8.0253, 46.0911],
            [8.0182, 46.0809],
            [8.016, 46.0694],
            [8.0159, 46.0582],
            [8.0107, 46.0297],
            [8.0088, 46.0277],
            [7.9991, 46.0128],
            [7.9984, 46.0106],
            [7.9858, 45.9993],
            [7.9787, 45.9952],
            [7.9691, 45.9931],
            [7.8982, 45.9819],
            [7.8838, 45.9739],
            [7.8729, 45.9594],
            [7.8702, 45.9404],
            [7.8496, 45.9397]
          ]
        ]
      }
    },
    {
      "type": "Feature",
      "properties": { "code": "CH-TI", "name": "Ticino", "country": "CH" },
      "geometry": {
        "type": "Polygon",
        "coordinates": [
          [
            [8.729, 46.1082],
            [8.7239, 46.1095],
            [8.7177, 46.1075],
            [8.7022, 46.098],
            [8.6951, 46.0952],
            [8.6775, 46.0958],
            [8.6309, 46.1147],
            [8.6115, 46.1194],
            [8.6018, 46.1228],
            [8.5387, 46.1876],
            [8.5103, 46.2079],
            [8.4827, 46.2175],
            [8.4565, 46.2248],
            [8.4381, 46.2354],
            [8.4272, 46.2514],
            [8.4232, 46.2758],
            [8.4266, 46.3016],
            [8.4429, 46.3534],
            [8.4463, 46.3822],
            [8.4458, 46.4124],
            [8.4416, 46.4349],
            [8.4279, 46.4487],
            [8.3992, 46.4522],
            [8.3859, 46.4502],
            [8.3859, 46.4506],
            [8.3856, 46.4546],
            [8.3846, 46.4621],
            [8.3871, 46.4685],
            [8.3913, 46.4757],
            [8.3964, 46.4824],
            [8.397, 46.4846],
            [8.3967, 46.4865],
            [8.3955, 46.4885],
            [8.396, 46.4909],
            [8.3992, 46.4932],
            [8.408, 46.495],
            [8.431, 46.497],
            [8.4476, 46.5046],
            [8.4769, 46.5318],
            [8.5098, 46.5509],
            [8.5122, 46.556],
            [8.516, 46.5626],
            [8.5238, 46.5785],
            [8.5263, 46.5809],
            [8.5297, 46.5831],
            [8.5371, 46.5845],
            [8.5487, 46.585],
            [8.6363, 46.5712],
            [8.6779, 46.5836],
            [8.7112, 46.573],
            [8.7884, 46.5681],
            [8.8473, 46.5752],
            [8.8981, 46.5892],
            [8.9077, 46.5942],
            [8.9099, 46.5975],
            [8.9093, 46.6007],
            [8.9071, 46.6038],
            [8.906, 46.6083],
            [8.9076, 46.6133],
            [8.9148, 46.6204],
            [8.9218, 46.623],
            [8.9296, 46.6251],
            [8.9392, 46.6266],
            [8.9474, 46.6321],
            [8.953, 46.6323],
            [8.956, 46.6306],
            [8.9571, 46.6254],
            [8.9598, 46.6204],
            [8.9648, 46.6148],
            [8.9988, 46.6125],
            [9.0038, 46.6111],
            [9.0107, 46.6081],
            [9.0221, 46.6049],
            [9.0352, 46.5962],
            [9.0377, 46.5938],
            [9.0385, 46.5907],
            [9.0365, 46.5869],
            [9.029, 46.5772],
            [9.0256, 46.5713],
            [9.0228, 46.564],
            [9.0211, 46.5578],
            [9.0191, 46.5459],
            [9.0176, 46.5405],
            [9.016, 46.5365],
            [9.0152, 46.5335],
            [9.0214, 46.5142],
            [9.0241, 46.5089],
            [9.027, 46.5043],
            [9.0377, 46.4918],
            [9.0486, 46.4809],
            [9.0556, 46.4787],
            [9.0578, 46.4796],
            [9.0623, 46.4808],
            [9.0773, 46.4823],
            [9.0888, 46.4674],
            [9.0891, 46.4614],
            [9.0886, 46.4533],
            [9.0866, 46.4424],
            [9.0883, 46.434],
            [9.092, 46.427],
            [9.097, 46.4202],
            [9.0978, 46.4161],
            [9.0954, 46.4118],
            [9.0922, 46.4021],
            [9.088, 46.3939],
            [9.0891, 46.3637],
            [9.0855, 46.3568],
            [9.0702, 46.3368],
            [9.0685, 46.3301],
            [9.0692, 46.3234],
            [9.071, 46.3172],
            [9.0692, 46.3123],
            [9.0652, 46.3058],
            [9.057, 46.299],
            [9.0565, 46.2949],
            [9.0581, 46.29],
            [9.0661, 46.276],
            [9.0765, 46.2616],
            [9.0772, 46.2579],
            [9.0775, 46.2529],
            [9.0745, 46.2401],
            [9.0764, 46.2348],
            [9.0796, 46.2296],
            [9.0875, 46.2206],
            [9.0942, 46.2165],
            [9.1107, 46.2085],
            [9.1316, 46.1908],
            [9.1403, 46.1849],
            [9.1631, 46.1732],
            [9.1633, 46.1731],
            [9.1638, 46.173],
            [9.1632, 46.1723],
            [9.0906, 46.1382],
            [9.0721, 46.1189],
            [9.0682, 46.106],
            [9.0703, 46.0834],
            [9.0671, 46.0711],
            [9.0592, 46.0618],
            [9.0497, 46.0579],
            [9.0277, 46.0531],
            [9.0021, 46.0393],
            [8.9978, 46.0279],
            [9.0156, 45.9931],
            [8.9827, 45.972],
            [8.9805, 45.9695],
            [8.9798, 45.9669],
            [8.9805, 45.9644],
            [8.9827, 45.9618],
            [8.9934, 45.9543],
            [9.0017, 45.9361],
            [9.0108, 45.9267],
            [9.0205, 45.9228],
            [9.0423, 45.9197],
            [9.0517, 45.9155],
            [9.0631, 45.899],
            [9.0593, 45.882],
            [9.0344, 45.8481],
            [9.0024, 45.8207],
            [8.9724, 45.8246],
            [8.9396, 45.8348],
            [8.9089, 45.8283],
            [8.9, 45.8264],
            [8.9037, 45.8418],
            [8.9097, 45.8537],
            [8.9138, 45.8661],
            [8.9121, 45.8834],
            [8.9065, 45.8965],
            [8.8981, 45.9096],
            [8.8808, 45.9311],
            [8.871, 45.9471],
            [8.8645, 45.9534],
            [8.8577, 45.9571],
            [8.8004, 45.9785],
            [8.7851, 45.9823],
            [8.7679, 45.9831],
            [8.7696, 45.9858],
            [8.7734, 45.9906],
            [8.791, 46.0187],
            [8.8196, 46.0429],
            [8.8344, 46.0664],
            [8.8089, 46.0897],
            [8.7939, 46.0934],
            [8.7632, 46.0929],
            [8.7471, 46.0944],
            [8.7395, 46.0981],
            [8.7322, 46.1074],
            [8.729, 46.1082]
          ]
        ]
      }
    },
    {
      "type": "Feature",
      "properties": { "code": "CH-GR", "name": "Graubünden", "country": "CH" },
      "geometry": {
        "type": "Polygon",
        "coordinates": [
          [
            [9.2248, 46.2312],
            [9.2157, 46.2211],
            [9.2042, 46.2136],
            [9.1922, 46.2096],
            [9.1813, 46.2041],
            [9.1758, 46.1941],
            [9.1711, 46.1826],
            [9.1638, 46.173],
            [9.1633, 46.1731],
            [9.1631, 46.1732],
            [9.1403, 46.1849],
            [9.1316, 46.1908],
            [9.1107, 46.2085],
            [9.0942, 46.2165],
            [9.0875, 46.2206],
            [9.0796, 46.2296],
            [9.0764, 46.2348],
            [9.0745, 46.2401],
            [9.0775, 46.2529],
            [9.0772, 46.2579],
            [9.0765, 46.2616],
            [9.0661, 46.276],
            [9.0581, 46.29],
            [9.0565, 46.2949],
            [9.057, 46.299],
            [9.0652, 46.3058],
            [9.0692, 46.3123],
            [9.071, 46.3172],
            [9.0692, 46.3234],
            [9.0685, 46.3301],
            [9.0702, 46.3368],
            [9.0855, 46.3568],
            [9.0891, 46.3637],
            [9.088, 46.3939],
            [9.0922, 46.4021],
            [9.0954, 46.4118],
            [9.0978, 46.4161],
            [9.097, 46.4202],
            [9.092, 46.427],
            [9.0883, 46.434],
            [9.0866, 46.4424],
            [9.0886, 46.4533],
            [9.0891, 46.4614],
            [9.0888, 46.4674],
            [9.0773, 46.4823],
            [9.0623, 46.4808],
            [9.0578, 46.4796],
            [9.0556, 46.4787],
            [9.0486, 46.4809],
            [9.0377, 46.4918],
            [9.027, 46.5043],
            [9.0241, 46.5089],
            [9.0214, 46.5142],
            [9.0152, 46.5335],
            [9.016, 46.5365],
            [9.0176, 46.5405],
            [9.0191, 46.5459],
            [9.0211, 46.5578],
            [9.0228, 46.564],
            [9.0256, 46.5713],
            [9.029, 46.5772],
            [9.0365, 46.5869],
            [9.0385, 46.5907],
            [9.0377, 46.5938],
            [9.0352, 46.5962],
            [9.0221, 46.6049],
            [9.0107, 46.6081],
            [9.0038, 46.6111],
            [8.9988, 46.6125],
            [8.9648, 46.6148],
            [8.9598, 46.6204],
            [8.9571, 46.6254],
            [8.956, 46.6306],
            [8.953, 46.6323],
            [8.9474, 46.6321],
            [8.9392, 46.6266],
            [8.9296, 46.6251],
            [8.9218, 46.623],
            [8.9148, 46.6204],
            [8.9076, 46.6133],
            [8.906, 46.6083],
            [8.9071, 46.6038],
            [8.9093, 46.6007],
            [8.9099, 46.5975],
            [8.9077, 46.5942],
            [8.8981, 46.5892],
            [8.8473, 46.5752],
            [8.7884, 46.5681],
            [8.7112, 46.573],
            [8.6779, 46.5836],
            [8.6808, 46.5972],
            [8.6787, 46.6053],
            [8.6734, 46.6175],
            [8.6709, 46.6207],
            [8.6669, 46.6226],
            [8.6624, 46.6242],
            [8.659, 46.6259],
            [8.656, 46.629],
            [8.654, 46.6331],
            [8.6527, 46.6388],
            [8.6535, 46.6443],
            [8.6605, 46.66],
            [8.6678, 46.6714],
            [8.6695, 46.6765],
            [8.67, 46.6805],
            [8.6692, 46.6831],
            [8.6691, 46.6863],
            [8.6726, 46.6905],
            [8.6794, 46.6946],
            [8.6957, 46.6996],
            [8.7058, 46.7011],
            [8.7156, 46.705],
            [8.7389, 46.7258],
            [8.7488, 46.733],
            [8.7663, 46.7373],
            [8.7813, 46.7336],
            [8.7853, 46.7333],
            [8.8003, 46.7356],
            [8.8037, 46.7372],
            [8.8071, 46.7406],
            [8.8062, 46.7497],
            [8.8065, 46.751],
            [8.8076, 46.7532],
            [8.8157, 46.7627],
            [8.8248, 46.7706],
            [8.8263, 46.779],
            [8.8256, 46.7908],
            [8.8284, 46.7933],
            [8.8359, 46.7945],
            [8.8429, 46.7964],
            [8.8495, 46.8013],
            [8.8608, 46.8056],
            [8.8717, 46.8154],
            [8.8925, 46.8148],
            [8.9029, 46.8122],
            [8.9077, 46.8116],
            [8.9096, 46.8089],
            [8.9119, 46.8023],
            [8.9158, 46.8004],
            [8.9252, 46.8006],
            [8.9805, 46.8123],
            [9.0032, 46.8196],
            [9.0174, 46.8288],
            [9.0247, 46.8354],
            [9.0297, 46.8425],
            [9.0326, 46.8475],
            [9.0354, 46.8515],
            [9.0382, 46.8546],
            [9.0394, 46.858],
            [9.0393, 46.8657],
            [9.04, 46.8694],
            [9.0424, 46.8718],
            [9.049, 46.874],
            [9.0589, 46.8754],
            [9.0754, 46.8744],
            [9.0851, 46.8721],
            [9.0923, 46.8685],
            [9.0968, 46.8641],
            [9.1051, 46.862],
            [9.115, 46.864],
            [9.1491, 46.88],
            [9.1636, 46.8822],
            [9.1825, 46.8823],
            [9.1907, 46.8848],
            [9.196, 46.8871],
            [9.2131, 46.9033],
            [9.2409, 46.9203],
            [9.2567, 46.9076],
            [9.2602, 46.9069],
            [9.2655, 46.9069],
            [9.2699, 46.9086],
            [9.4038, 46.8952],
            [9.4243, 46.8881],
            [9.4354, 46.8823],
            [9.4426, 46.8818],
            [9.4457, 46.8827],
            [9.4487, 46.8909],
            [9.4612, 46.8938],
            [9.4744, 46.9097],
            [9.4772, 46.9151],
            [9.4783, 46.9203],
            [9.4778, 46.925],
            [9.4809, 46.9369],
            [9.486, 46.9447],
            [9.4928, 46.9532],
            [9.498, 46.9575],
            [9.5073, 46.9625],
            [9.5101, 46.9666],
            [9.5138, 46.976],
            [9.5185, 46.9795],
            [9.5244, 46.9819],
            [9.532, 46.9833],
            [9.5264, 46.9911],
            [9.4959, 47.0266],
            [9.4848, 47.0432],
            [9.4772, 47.06],
            [9.477, 47.0639],
            [9.4996, 47.0594],
            [9.5331, 47.0555],
            [9.5606, 47.0524],
            [9.5812, 47.0569],
            [9.5999, 47.0535],
            [9.6523, 47.0579],
            [9.6691, 47.0562],
            [9.858, 47.0155],
            [9.8563, 47.0041],
            [9.8606, 47.0016],
            [9.8668, 47.0019],
            [9.8706, 46.9988],
            [9.8706, 46.9929],
            [9.8665, 46.9834],
            [9.864, 46.9599],
            [9.8608, 46.9492],
            [9.8624, 46.9398],
            [9.8751, 46.9274],
            [9.8999, 46.9144],
            [10.0069, 46.8908],
            [10.0456, 46.8656],
            [10.0681, 46.8566],
            [10.1113, 46.8471],
            [10.1252, 46.8468],
            [10.132, 46.8466],
            [10.1578, 46.8516],
            [10.2014, 46.8668],
            [10.2117, 46.877],
            [10.2143, 46.8847],
            [10.2152, 46.8931],
            [10.2199, 46.9058],
            [10.2351, 46.9233],
            [10.2513, 46.9254],
            [10.2708, 46.9219],
            [10.2957, 46.9227],
            [10.2962, 46.9414],
            [10.3137, 46.9643],
            [10.3389, 46.9841],
            [10.3679, 46.9955],
            [10.3734, 46.9963],
            [10.379, 46.9955],
            [10.3843, 46.9932],
            [10.3844, 46.9932],
            [10.3844, 46.993],
            [10.3947, 46.9854],
            [10.4156, 46.9624],
            [10.4496, 46.9439],
            [10.4585, 46.9366],
            [10.4638, 46.9197],
            [10.4514, 46.8858],
            [10.4538, 46.8644],
            [10.4485, 46.8322],
            [10.4449, 46.8232],
            [10.439, 46.8169],
            [10.4172, 46.7989],
            [10.4191, 46.784],
            [10.4262, 46.7694],
            [10.4287, 46.7556],
            [10.4166, 46.743],
            [10.3997, 46.7355],
            [10.3956, 46.7264],
            [10.3966, 46.715],
            [10.3944, 46.7008],
            [10.3848, 46.689],
            [10.3739, 46.6819],
            [10.3692, 46.6724],
            [10.3775, 46.6533],
            [10.3956, 46.6388],
            [10.4382, 46.6357],
            [10.4591, 46.6236],
            [10.4666, 46.6043],
            [10.4659, 46.5785],
            [10.4579, 46.5537],
            [10.4518, 46.5467],
            [10.444, 46.5377],
            [10.4259, 46.5353],
            [10.3543, 46.5483],
            [10.3195, 46.546],
            [10.3066, 46.5475],
            [10.2954, 46.5511],
            [10.2891, 46.5557],
            [10.2838, 46.5607],
            [10.2759, 46.5655],
            [10.2347, 46.5753],
            [10.2303, 46.5862],
            [10.2357, 46.6067],
            [10.2338, 46.618],
            [10.2179, 46.627],
            [10.1921, 46.6268],
            [10.0975, 46.608],
            [10.0878, 46.6044],
            [10.0835, 46.597],
            [10.0712, 46.5644],
            [10.0629, 46.5567],
            [10.0413, 46.5419],
            [10.0328, 46.533],
            [10.0314, 46.5258],
            [10.0312, 46.5038],
            [10.0269, 46.4932],
            [10.0281, 46.4839],
            [10.0305, 46.4767],
            [10.0353, 46.4711],
            [10.044, 46.467],
            [10.0263, 46.4463],
            [10.0421, 46.4327],
            [10.0714, 46.4248],
            [10.1162, 46.4188],
            [10.1334, 46.414],
            [10.1408, 46.4029],
            [10.1332, 46.3811],
            [10.126, 46.3744],
            [10.105, 46.3614],
            [10.0975, 46.3516],
            [10.0924, 46.3381],
            [10.0918, 46.329],
            [10.0958, 46.3205],
            [10.1049, 46.3094],
            [10.1461, 46.2803],
            [10.1589, 46.2624],
            [10.1458, 46.2433],
            [10.1179, 46.2311],
            [10.0757, 46.22],
            [10.0427, 46.2205],
            [10.0418, 46.2431],
            [10.0317, 46.2601],
            [9.9922, 46.2844],
            [9.9776, 46.2981],
            [9.971, 46.32],
            [9.9706, 46.3398],
            [9.964, 46.3561],
            [9.939, 46.3675],
            [9.9184, 46.3712],
            [9.899, 46.3722],
            [9.8554, 46.367],
            [9.7888, 46.3433],
            [9.7681, 46.3386],
            [9.7552, 46.3405],
            [9.7309, 46.3507],
            [9.7201, 46.3509],
            [9.7093, 46.3424],
            [9.7073, 46.331],
            [9.7088, 46.3196],
            [9.7084, 46.3117],
            [9.6931, 46.2971],
            [9.6743, 46.2918],
            [9.5597, 46.2927],
            [9.5365, 46.2986],
            [9.5153, 46.3086],
            [9.5026, 46.3207],
            [9.4826, 46.3568],
            [9.4737, 46.3619],
            [9.4516, 46.3704],
            [9.4444, 46.3753],
            [9.4424, 46.3809],
            [9.4438, 46.3961],
            [9.4379, 46.492],
            [9.4346, 46.4983],
            [9.4268, 46.4971],
            [9.4107, 46.4889],
            [9.4038, 46.4825],
            [9.4003, 46.4754],
            [9.3955, 46.4694],
            [9.3846, 46.4664],
            [9.3771, 46.4687],
            [9.3516, 46.4855],
            [9.3508, 46.4979],
            [9.331, 46.5015],
            [9.2823, 46.4974],
            [9.2632, 46.4851],
            [9.2458, 46.461],
            [9.238, 46.4365],
            [9.2476, 46.423],
            [9.2609, 46.4167],
            [9.2629, 46.4066],
            [9.2603, 46.394],
            [9.2604, 46.3797],
            [9.2738, 46.3443],
            [9.2752, 46.3314],
            [9.269, 46.3094],
            [9.2397, 46.267],
            [9.2248, 46.2312]
          ]
        ]
      }
    },
    {
      "type": "Feature",
      "properties": { "code": "BE-VOV", "name": "East Flanders", "country": "BE" },
      "geometry": {
        "type": "Polygon",
        "coordinates": [
          [
            [3.3988, 51.2447],
            [3.4219, 51.238],
            [3.4539, 51.2356],
            [3.5012, 51.2403],
            [3.5041, 51.2497],
            [3.5015, 51.2624],
            [3.5034, 51.274],
            [3.5143, 51.281],
            [3.529, 51.2833],
            [3.545, 51.2839],
            [3.5848, 51.2895],
            [3.6095, 51.2904],
            [3.6351, 51.2878],
            [3.7573, 51.2623],
            [3.7762, 51.2545],
            [3.7814, 51.2414],
            [3.7797, 51.2303],
            [3.7814, 51.2199],
            [3.7963, 51.2088],
            [3.8087, 51.2053],
            [3.927, 51.2063],
            [3.9495, 51.2108],
            [3.995, 51.2332],
            [4.119, 51.2724],
            [4.1686, 51.2969],
            [4.2079, 51.3306],
            [4.2135, 51.3405],
            [4.221, 51.3638],
            [4.2215, 51.368],
            [4.2222, 51.3677],
            [4.2411, 51.3566],
            [4.249, 51.3467],
            [4.2561, 51.3284],
            [4.2726, 51.3158],
            [4.2908, 51.3059],
            [4.303, 51.2961],
            [4.3067, 51.2897],
            [4.3081, 51.2836],
            [4.3054, 51.2766],
            [4.2987, 51.2696],
            [4.295, 51.2679],
            [4.2886, 51.2579],
            [4.3098, 51.2149],
            [4.3011, 51.2114],
            [4.3253, 51.1894],
            [4.3306, 51.1768],
            [4.333, 51.1697],
            [4.3286, 51.1478],
            [4.316, 51.1322],
            [4.2762, 51.124],
            [4.2357, 51.124],
            [4.2158, 51.1215],
            [4.198, 51.1136],
            [4.1854, 51.1043],
            [4.182, 51.0999],
            [4.1833, 51.0956],
            [4.1846, 51.0867],
            [4.1875, 51.0774],
            [4.1933, 51.0661],
            [4.1964, 51.0545],
            [4.1914, 51.0446],
            [4.1891, 51.0439],
            [4.2013, 51.0372],
            [4.2123, 51.0341],
            [4.2319, 51.0443],
            [4.2403, 51.0381],
            [4.2171, 50.9901],
            [4.1941, 50.9835],
            [4.1617, 50.9906],
            [4.1465, 50.9706],
            [4.1607, 50.9427],
            [4.1602, 50.9299],
            [4.137, 50.9196],
            [4.0913, 50.9318],
            [4.1001, 50.9125],
            [4.0736, 50.9],
            [4.0881, 50.8919],
            [4.0871, 50.8814],
            [4.0404, 50.8384],
            [4.066, 50.8354],
            [4.0749, 50.8207],
            [4.0604, 50.7926],
            [4.0304, 50.7765],
            [4.0133, 50.7721],
            [3.9993, 50.7805],
            [3.9822, 50.7668],
            [3.9563, 50.7798],
            [3.944, 50.7754],
            [3.9312, 50.7576],
            [3.952, 50.7395],
            [3.9506, 50.7341],
            [3.9183, 50.7288],
            [3.895, 50.7342],
            [3.8844, 50.7514],
            [3.828, 50.7435],
            [3.8147, 50.7519],
            [3.7746, 50.749],
            [3.7578, 50.7803],
            [3.7145, 50.7686],
            [3.704, 50.7821],
            [3.6753, 50.7719],
            [3.6347, 50.7219],
            [3.6066, 50.7342],
            [3.5405, 50.7349],
            [3.534, 50.7664],
            [3.4941, 50.7589],
            [3.4576, 50.7685],
            [3.52, 50.7979],
            [3.5225, 50.8052],
            [3.4995, 50.8252],
            [3.5124, 50.8355],
            [3.4505, 50.8693],
            [3.474, 50.8846],
            [3.4661, 50.9034],
            [3.4505, 50.9075],
            [3.4273, 50.8984],
            [3.4192, 50.9122],
            [3.4326, 50.9206],
            [3.4247, 50.9321],
            [3.4484, 50.9299],
            [3.4553, 50.9344],
            [3.4401, 50.9439],
            [3.4602, 50.9437],
            [3.4121, 50.959],
            [3.443, 50.9678],
            [3.4259, 50.9824],
            [3.452, 51.007],
            [3.4221, 51.0395],
            [3.4438, 51.0493],
            [3.3307, 51.1001],
            [3.3745, 51.1181],
            [3.4103, 51.1611],
            [3.387, 51.1872],
            [3.3598, 51.1928],
            [3.3841, 51.2036],
            [3.367, 51.2296],
            [3.4, 51.2427],
            [3.3988, 51.2447]
          ]
        ]
      }
    },
    {
      "type": "Feature",
      "properties": { "code": "BE-VAN", "name": "Antwerp", "country": "BE" },
      "geometry": {
        "type": "Polygon",
        "coordinates": [
          [
            [4.7642, 51.4962],
            [4.7787, 51.4954],
            [4.7968, 51.491],
            [4.8136, 51.4841],
            [4.8239, 51.4756],
            [4.8261, 51.4606],
            [4.8199, 51.4462],
            [4.8154, 51.4311],
            [4.8227, 51.4137],
            [4.7791, 51.4264],
            [4.7678, 51.4254],
            [4.7621, 51.4134],
            [4.7833, 51.4076],
            [4.8533, 51.4061],
            [4.8717, 51.403],
            [4.9103, 51.3919],
            [4.9319, 51.3956],
            [4.9571, 51.411],
            [4.9802, 51.4305],
            [4.9958, 51.4467],
            [5.0027, 51.459],
            [5.0061, 51.4683],
            [5.0121, 51.4743],
            [5.0275, 51.4768],
            [5.0303, 51.4744],
            [5.0603, 51.462],
            [5.0799, 51.4385],
            [5.0764, 51.4219],
            [5.0653, 51.4059],
            [5.0617, 51.3843],
            [5.0681, 51.3745],
            [5.1026, 51.3507],
            [5.1078, 51.342],
            [5.1181, 51.3199],
            [5.1229, 51.3134],
            [5.1402, 51.3074],
            [5.1788, 51.3095],
            [5.1973, 51.3083],
            [5.2149, 51.2943],
            [5.2154, 51.2587],
            [5.233, 51.2559],
            [5.2395, 51.2569],
            [5.2274, 51.2507],
            [5.2165, 51.2125],
            [5.2572, 51.1885],
            [5.2604, 51.1481],
            [5.2354, 51.134],
            [5.203, 51.14],
            [5.1804, 51.1192],
            [5.1303, 51.1176],
            [5.0899, 51.0852],
            [5.0098, 51.0751],
            [5.0097, 51.0614],
            [4.9809, 51.036],
            [4.9671, 51.0465],
            [4.9483, 51.0457],
            [4.9097, 51.0359],
            [4.8828, 51.0209],
            [4.8706, 51.0247],
            [4.8185, 51.0111],
            [4.8057, 51.0165],
            [4.7887, 51.0401],
            [4.756, 51.0244],
            [4.7339, 51.0274],
            [4.6949, 50.9998],
            [4.7063, 51.0156],
            [4.6794, 51.0248],
            [4.6065, 51.0125],
            [4.5934, 50.9921],
            [4.578, 50.9923],
            [4.5462, 51.0041],
            [4.528, 50.9934],
            [4.4943, 51.0097],
            [4.4761, 50.9924],
            [4.4538, 51.0068],
            [4.3931, 50.9975],
            [4.3882, 51.0123],
            [4.3695, 51.0159],
            [4.3791, 51.0311],
            [4.3479, 51.0179],
            [4.3414, 51.0199],
            [4.3482, 51.027],
            [4.2989, 51.041],
            [4.2746, 51.0437],
            [4.2403, 51.0381],
            [4.2319, 51.0443],
            [4.2123, 51.0341],
            [4.2013, 51.0372],
            [4.1891, 51.0439],
            [4.1914, 51.0446],
            [4.1964, 51.0545],
            [4.1933, 51.0661],
            [4.1875, 51.0774],
            [4.1846, 51.0867],
            [4.1833, 51.0956],
            [4.182, 51.0999],
            [4.1854, 51.1043],
            [4.198, 51.1136],
            [4.2158, 51.1215],
            [4.2357, 51.124],
            [4.2762, 51.124],
            [4.316, 51.1322],
            [4.3286, 51.1478],
            [4.333, 51.1697],
            [4.3306, 51.1768],
            [4.3253, 51.1894],
            [4.3011, 51.2114],
            [4.3098, 51.2149],
            [4.2886, 51.2579],
            [4.295, 51.2679],
            [4.2987, 51.2696],
            [4.2967, 51.2676],
            [4.3084, 51.2712],
            [4.3164, 51.2768],
            [4.3308, 51.2961],
            [4.2971, 51.3052],
            [4.2893, 51.3091],
            [4.2854, 51.318],
            [4.2861, 51.3397],
            [4.2831, 51.3501],
            [4.2756, 51.3581],
            [4.2611, 51.3694],
            [4.2811, 51.3689],
            [4.2901, 51.3688],
            [4.3263, 51.3564],
            [4.3456, 51.3523],
            [4.3922, 51.3504],
            [4.4112, 51.3567],
            [4.4162, 51.374],
            [4.4101, 51.3838],
            [4.3877, 51.4005],
            [4.3799, 51.4095],
            [4.3806, 51.4197],
            [4.3872, 51.4275],
            [4.3892, 51.4346],
            [4.3771, 51.4429],
            [4.4294, 51.462],
            [4.4831, 51.4743],
            [4.5126, 51.4774],
            [4.5252, 51.4759],
            [4.5332, 51.4676],
            [4.5318, 51.4509],
            [4.5234, 51.4384],
            [4.5215, 51.4286],
            [4.5406, 51.4201],
            [4.5539, 51.4193],
            [4.5827, 51.4226],
            [4.6146, 51.4176],
            [4.6301, 51.4182],
            [4.6436, 51.4214],
            [4.6539, 51.4262],
            [4.7312, 51.4856],
            [4.7642, 51.4962]
          ]
        ]
      }
    },
    {
      "type": "Feature",
      "properties": { "code": "BE-VLI", "name": "Limburg", "country": "BE" },
      "geometry": {
        "type": "MultiPolygon",
        "coordinates": [
          [
            [
              [5.5514, 51.2168],
              [5.5684, 51.2077],
              [5.625, 51.1969],
              [5.6385, 51.1909],
              [5.6482, 51.184],
              [5.659, 51.1791],
              [5.6762, 51.1792],
              [5.718, 51.1846],
              [5.7308, 51.1838],
              [5.7472, 51.1776],
              [5.7681, 51.1595],
              [5.7814, 51.1524],
              [5.8121, 51.1573],
              [5.8291, 51.1565],
              [5.838, 51.1437],
              [5.8405, 51.1389],
              [5.8264, 51.1302],
              [5.8232, 51.1187],
              [5.846, 51.1034],
              [5.8368, 51.0995],
              [5.8267, 51.0969],
              [5.8159, 51.0959],
              [5.8049, 51.0966],
              [5.8074, 51.0894],
              [5.809, 51.0863],
              [5.8118, 51.0823],
              [5.8043, 51.0686],
              [5.7988, 51.0615],
              [5.7913, 51.055],
              [5.7796, 51.0613],
              [5.7715, 51.0581],
              [5.7664, 51.0484],
              [5.764, 51.0352],
              [5.7776, 51.0236],
              [5.7617, 50.9992],
              [5.7224, 50.9594],
              [5.7447, 50.9632],
              [5.7543, 50.9631],
              [5.764, 50.9594],
              [5.7525, 50.9472],
              [5.7353, 50.924],
              [5.7224, 50.9117],
              [5.7176, 50.9092],
              [5.706, 50.9066],
              [5.6945, 50.9037],
              [5.6223, 50.8527],
              [5.6245, 50.8303],
              [5.6407, 50.815],
              [5.6574, 50.8076],
              [5.6085, 50.7764],
              [5.5219, 50.76],
              [5.5238, 50.7438],
              [5.4968, 50.7289],
              [5.4808, 50.7264],
              [5.4612, 50.74],
              [5.4532, 50.7223],
              [5.431, 50.7209],
              [5.4041, 50.7275],
              [5.3918, 50.7471],
              [5.3782, 50.7508],
              [5.3321, 50.741],
              [5.3123, 50.7297],
              [5.3074, 50.7184],
              [5.2756, 50.7294],
              [5.2434, 50.7169],
              [5.2362, 50.7282],
              [5.2289, 50.7188],
              [5.1694, 50.7236],
              [5.1804, 50.7072],
              [5.1677, 50.6973],
              [5.1011, 50.7098],
              [5.1204, 50.736],
              [5.1011, 50.7433],
              [5.1146, 50.7636],
              [5.1064, 50.782],
              [5.1516, 50.8116],
              [5.1295, 50.8166],
              [5.1365, 50.8503],
              [5.1532, 50.8796],
              [5.1727, 50.8754],
              [5.1775, 50.8786],
              [5.1862, 50.9063],
              [5.1717, 50.9143],
              [5.1366, 50.9146],
              [5.1332, 50.9225],
              [5.0946, 50.911],
              [5.0778, 50.9226],
              [5.0612, 50.918],
              [5.0547, 50.9212],
              [5.0415, 50.9431],
              [5.0817, 50.9656],
              [5.0826, 50.9877],
              [5.1244, 50.9998],
              [5.118, 51.0233],
              [5.1278, 51.0249],
              [5.1329, 51.017],
              [5.1583, 51.0235],
              [5.1312, 51.0455],
              [5.1089, 51.0519],
              [5.0809, 51.0495],
              [5.081, 51.0245],
              [5.0632, 51.0175],
              [5.0425, 51.0256],
              [5.0225, 51.0207],
              [5.0063, 51.0404],
              [4.9809, 51.036],
              [5.0097, 51.0614],
              [5.0098, 51.0751],
              [5.0899, 51.0852],
              [5.1303, 51.1176],
              [5.1804, 51.1192],
              [5.203, 51.14],
              [5.2354, 51.134],
              [5.2604, 51.1481],
              [5.2572, 51.1885],
              [5.2165, 51.2125],
              [5.2274, 51.2507],
              [5.2395, 51.2569],
              [5.2707, 51.2618],
              [5.3891, 51.2587],
              [5.4099, 51.2635],
              [5.4519, 51.2821],
              [5.4716, 51.2881],
              [5.4932, 51.2865],
              [5.5167, 51.2772],
              [5.5352, 51.262],
              [5.5423, 51.2427],
              [5.5455, 51.2199],
              [5.5514, 51.2168]
            ]
          ],
          [
            [
              [5.7524, 50.7734],
              [5.7625, 50.771],
              [5.7829, 50.7567],
              [5.7932, 50.7521],
              [5.8799, 50.7535],
              [5.8913, 50.7512],
              [5.9102, 50.736],
              [5.8869, 50.7133],
              [5.8782, 50.711],
              [5.8542, 50.7189],
              [5.8183, 50.7156],
              [5.776, 50.7512],
              [5.7503, 50.7469],
              [5.7353, 50.7564],
              [5.7328, 50.7589],
              [5.7436, 50.7691],
              [5.7524, 50.7734]
            ]
          ]
        ]
      }
    },
    {
      "type": "Feature",
      "properties": { "code": "CH-SH", "name": "Schaffhausen", "country": "CH" },
      "geometry": {
        "type": "MultiPolygon",
        "coordinates": [
          [
            [
              [8.5582, 47.8012],
              [8.5831, 47.8002],
              [8.6016, 47.7946],
              [8.6032, 47.7873],
              [8.6041, 47.7744],
              [8.6076, 47.7623],
              [8.6174, 47.7573],
              [8.6298, 47.7628],
              [8.635, 47.7846],
              [8.6441, 47.791],
              [8.657, 47.7881],
              [8.6666, 47.7783],
              [8.6745, 47.7667],
              [8.6819, 47.7587],
              [8.6923, 47.7572],
              [8.7033, 47.7587],
              [8.7131, 47.7574],
              [8.7198, 47.7473],
              [8.7171, 47.7435],
              [8.7037, 47.73],
              [8.7004, 47.7235],
              [8.7047, 47.7153],
              [8.7126, 47.7087],
              [8.7151, 47.7011],
              [8.7171, 47.6946],
              [8.7699, 47.6951],
              [8.7617, 47.7013],
              [8.7707, 47.7209],
              [8.7976, 47.72],
              [8.8302, 47.7072],
              [8.8561, 47.6907],
              [8.8377, 47.6878],
              [8.8378, 47.6808],
              [8.8519, 47.6713],
              [8.8215, 47.6823],
              [8.8099, 47.6788],
              [8.8011, 47.6818],
              [8.8003, 47.6818],
              [8.7885, 47.6626],
              [8.7862, 47.6611],
              [8.7817, 47.6575],
              [8.7777, 47.6555],
              [8.7732, 47.6546],
              [8.769, 47.6547],
              [8.7665, 47.6543],
              [8.7635, 47.6529],
              [8.7593, 47.6499],
              [8.7547, 47.6477],
              [8.7486, 47.6461],
              [8.7078, 47.6472],
              [8.699, 47.6492],
              [8.692, 47.6522],
              [8.6858, 47.6587],
              [8.6816, 47.6643],
              [8.68, 47.6802],
              [8.6832, 47.6955],
              [8.64, 47.6963],
              [8.6316, 47.6906],
              [8.6247, 47.6816],
              [8.6076, 47.6708],
              [8.5938, 47.6583],
              [8.5936, 47.6582],
              [8.5822, 47.6613],
              [8.5682, 47.6629],
              [8.5197, 47.6574],
              [8.5047, 47.6523],
              [8.4908, 47.6456],
              [8.4761, 47.6404],
              [8.4583, 47.6399],
              [8.4376, 47.6478],
              [8.412, 47.661],
              [8.407, 47.6616],
              [8.3913, 47.6655],
              [8.3977, 47.6763],
              [8.3952, 47.6848],
              [8.391, 47.6921],
              [8.3921, 47.6995],
              [8.4019, 47.7071],
              [8.4273, 47.7165],
              [8.4379, 47.7232],
              [8.4455, 47.7432],
              [8.4501, 47.7505],
              [8.4636, 47.7639],
              [8.4715, 47.7671],
              [8.4827, 47.7669],
              [8.5365, 47.7741],
              [8.5516, 47.7793],
              [8.5423, 47.795],
              [8.5582, 47.8012]
            ]
          ],
          [
            [
              [8.5607, 47.5894],
              [8.5741, 47.5924],
              [8.5763, 47.595],
              [8.5766, 47.5915],
              [8.5637, 47.5685],
              [8.5559, 47.5607],
              [8.5525, 47.5605],
              [8.549, 47.5614],
              [8.546, 47.5638],
              [8.5435, 47.5667],
              [8.5404, 47.5692],
              [8.5336, 47.5737],
              [8.5294, 47.5754],
              [8.5303, 47.5829],
              [8.5517, 47.5969],
              [8.5607, 47.5894]
            ]
          ]
        ]
      }
    },
    {
      "type": "Feature",
      "properties": { "code": "CH-TG", "name": "Thurgau", "country": "CH" },
      "geometry": {
        "type": "Polygon",
        "coordinates": [
          [
            [8.8519, 47.6713],
            [8.8527, 47.6708],
            [8.8817, 47.6561],
            [8.9062, 47.6518],
            [8.9454, 47.6543],
            [8.9818, 47.6622],
            [8.9977, 47.6738],
            [9.0166, 47.6789],
            [9.1281, 47.6704],
            [9.1834, 47.6704],
            [9.1969, 47.6561],
            [9.2344, 47.6562],
            [9.2732, 47.6501],
            [9.5475, 47.5345],
            [9.5531, 47.5169],
            [9.5528, 47.5168],
            [9.4735, 47.4993],
            [9.4645, 47.497],
            [9.4597, 47.4964],
            [9.4559, 47.4966],
            [9.446, 47.5001],
            [9.4451, 47.5016],
            [9.444, 47.5029],
            [9.4485, 47.5122],
            [9.4384, 47.5167],
            [9.3874, 47.4907],
            [9.3805, 47.4814],
            [9.374, 47.4831],
            [9.3653, 47.488],
            [9.343, 47.5075],
            [9.3407, 47.5122],
            [9.3439, 47.5176],
            [9.3444, 47.5213],
            [9.3444, 47.5254],
            [9.3351, 47.5354],
            [9.3209, 47.5351],
            [9.3159, 47.5341],
            [9.3113, 47.5327],
            [9.3063, 47.5295],
            [9.3034, 47.5287],
            [9.2952, 47.5284],
            [9.2894, 47.5275],
            [9.2832, 47.526],
            [9.2794, 47.524],
            [9.2763, 47.5214],
            [9.2737, 47.5204],
            [9.272, 47.5204],
            [9.2699, 47.5212],
            [9.268, 47.5207],
            [9.2663, 47.5194],
            [9.2664, 47.5168],
            [9.2702, 47.5152],
            [9.2808, 47.5142],
            [9.287, 47.515],
            [9.2924, 47.5165],
            [9.2967, 47.5164],
            [9.2998, 47.5158],
            [9.3049, 47.5008],
            [9.3012, 47.493],
            [9.2989, 47.49],
            [9.2952, 47.4861],
            [9.2897, 47.4834],
            [9.2829, 47.4819],
            [9.2746, 47.4833],
            [9.2688, 47.4829],
            [9.2596, 47.4795],
            [9.2557, 47.4774],
            [9.2381, 47.4791],
            [9.1991, 47.485],
            [9.1664, 47.4956],
            [9.1515, 47.5076],
            [9.1425, 47.4965],
            [9.1378, 47.4927],
            [9.1299, 47.4896],
            [9.1133, 47.4879],
            [9.1009, 47.4878],
            [9.0883, 47.4901],
            [9.0844, 47.4901],
            [9.0756, 47.4891],
            [9.0727, 47.4896],
            [9.0703, 47.4913],
            [9.0683, 47.4938],
            [9.0657, 47.4957],
            [9.0624, 47.4961],
            [9.0452, 47.4943],
            [9.0391, 47.4944],
            [9.0312, 47.4964],
            [9.0276, 47.4957],
            [9.0193, 47.4897],
            [9.0151, 47.4886],
            [9.0097, 47.4879],
            [9.0036, 47.4862],
            [9.0004, 47.4819],
            [9.0013, 47.4768],
            [9.0035, 47.4735],
            [9.0312, 47.4601],
            [9.0312, 47.4565],
            [9.0326, 47.4464],
            [9.0321, 47.443],
            [9.0303, 47.4405],
            [9.0267, 47.4389],
            [9.0197, 47.4384],
            [9.0143, 47.4375],
            [9.0094, 47.4361],
            [9.0047, 47.4342],
            [9.0008, 47.4335],
            [8.9974, 47.4336],
            [8.9936, 47.4346],
            [8.9891, 47.4335],
            [8.9854, 47.4299],
            [8.9743, 47.4127],
            [8.9645, 47.4049],
            [8.9507, 47.3879],
            [8.9425, 47.3804],
            [8.9324, 47.38],
            [8.8925, 47.4086],
            [8.9001, 47.4156],
            [8.9023, 47.4188],
            [8.9041, 47.4233],
            [8.9055, 47.4303],
            [8.9114, 47.435],
            [8.9114, 47.4364],
            [8.9034, 47.4395],
            [8.8934, 47.4461],
            [8.8886, 47.4666],
            [8.8788, 47.4708],
            [8.8766, 47.4737],
            [8.8743, 47.4795],
            [8.8746, 47.4827],
            [8.8754, 47.4845],
            [8.8771, 47.4857],
            [8.8816, 47.4879],
            [8.8837, 47.4895],
            [8.8855, 47.4921],
            [8.8855, 47.494],
            [8.8855, 47.4953],
            [8.8849, 47.4966],
            [8.8844, 47.4984],
            [8.8849, 47.5008],
            [8.8907, 47.5219],
            [8.8911, 47.5249],
            [8.8885, 47.5282],
            [8.8815, 47.532],
            [8.8518, 47.5402],
            [8.8418, 47.5441],
            [8.8359, 47.5488],
            [8.832, 47.5578],
            [8.8367, 47.5645],
            [8.8385, 47.5662],
            [8.8331, 47.5715],
            [8.8275, 47.5756],
            [8.7638, 47.5968],
            [8.7517, 47.5995],
            [8.7428, 47.607],
            [8.7393, 47.6106],
            [8.739, 47.6128],
            [8.7412, 47.6149],
            [8.7472, 47.6183],
            [8.7544, 47.62],
            [8.7615, 47.6193],
            [8.776, 47.6143],
            [8.7814, 47.6104],
            [8.7859, 47.608],
            [8.7901, 47.6075],
            [8.7933, 47.6075],
            [8.7995, 47.6153],
            [8.8082, 47.6219],
            [8.8158, 47.6319],
            [8.82, 47.6362],
            [8.8217, 47.6411],
            [8.8202, 47.6453],
            [8.8088, 47.6541],
            [8.805, 47.6674],
            [8.7885, 47.6626],
            [8.8003, 47.6818],
            [8.8011, 47.6818],
            [8.8099, 47.6788],
            [8.8215, 47.6823],
            [8.8519, 47.6713]
          ]
        ]
      }
    },
    {
      "type": "Feature",
      "properties": { "code": "CH-ZH", "name": "Zürich", "country": "CH" },
      "geometry": {
        "type": "Polygon",
        "coordinates": [
          [
            [8.6016, 47.6326],
            [8.6073, 47.6563],
            [8.5982, 47.6569],
            [8.5936, 47.6582],
            [8.5938, 47.6583],
            [8.6076, 47.6708],
            [8.6247, 47.6816],
            [8.6316, 47.6906],
            [8.64, 47.6963],
            [8.6832, 47.6955],
            [8.68, 47.6802],
            [8.6816, 47.6643],
            [8.6858, 47.6587],
            [8.692, 47.6522],
            [8.699, 47.6492],
            [8.7078, 47.6472],
            [8.7486, 47.6461],
            [8.7547, 47.6477],
            [8.7593, 47.6499],
            [8.7635, 47.6529],
            [8.7665, 47.6543],
            [8.769, 47.6547],
            [8.7732, 47.6546],
            [8.7777, 47.6555],
            [8.7817, 47.6575],
            [8.7862, 47.6611],
            [8.7885, 47.6626],
            [8.805, 47.6674],
            [8.8088, 47.6541],
            [8.8202, 47.6453],
            [8.8217, 47.6411],
            [8.82, 47.6362],
            [8.8158, 47.6319],
            [8.8082, 47.6219],
            [8.7995, 47.6153],
            [8.7933, 47.6075],
            [8.7901, 47.6075],
            [8.7859, 47.608],
            [8.7814, 47.6104],
            [8.776, 47.6143],
            [8.7615, 47.6193],
            [8.7544, 47.62],
            [8.7472, 47.6183],
            [8.7412, 47.6149],
            [8.739, 47.6128],
            [8.7393, 47.6106],
            [8.7428, 47.607],
            [8.7517, 47.5995],
            [8.7638, 47.5968],
            [8.8275, 47.5756],
            [8.8331, 47.5715],
            [8.8385, 47.5662],
            [8.8367, 47.5645],
            [8.832, 47.5578],
            [8.8359, 47.5488],
            [8.8418, 47.5441],
            [8.8518, 47.5402],
            [8.8815, 47.532],
            [8.8885, 47.5282],
            [8.8911, 47.5249],
            [8.8907, 47.5219],
            [8.8849, 47.5008],
            [8.8844, 47.4984],
            [8.8849, 47.4966],
            [8.8855, 47.4953],
            [8.8855, 47.494],
            [8.8855, 47.4921],
            [8.8837, 47.4895],
            [8.8816, 47.4879],
            [8.8771, 47.4857],
            [8.8754, 47.4845],
            [8.8746, 47.4827],
            [8.8743, 47.4795],
            [8.8766, 47.4737],
            [8.8788, 47.4708],
            [8.8886, 47.4666],
            [8.8934, 47.4461],
            [8.9034, 47.4395],
            [8.9114, 47.4364],
            [8.9114, 47.435],
            [8.9055, 47.4303],
            [8.9041, 47.4233],
            [8.9023, 47.4188],
            [8.9001, 47.4156],
            [8.8925, 47.4086],
            [8.9324, 47.38],
            [8.9367, 47.3756],
            [8.9605, 47.3465],
            [8.9662, 47.3251],
            [8.9691, 47.3173],
            [8.966, 47.3134],
            [8.9598, 47.3084],
            [8.947, 47.3008],
            [8.9395, 47.294],
            [8.9339, 47.2878],
            [8.9347, 47.2796],
            [8.93, 47.2748],
            [8.9207, 47.2691],
            [8.8618, 47.2505],
            [8.8487, 47.2497],
            [8.8076, 47.2536],
            [8.7892, 47.2437],
            [8.7754, 47.2206],
            [8.7321, 47.2146],
            [8.6931, 47.1976],
            [8.6832, 47.1915],
            [8.6773, 47.1867],
            [8.6757, 47.1836],
            [8.675, 47.1809],
            [8.6751, 47.1783],
            [8.6762, 47.1762],
            [8.6819, 47.1708],
            [8.6835, 47.1654],
            [8.6612, 47.1634],
            [8.6316, 47.1722],
            [8.6242, 47.1761],
            [8.6202, 47.1803],
            [8.6177, 47.184],
            [8.6062, 47.1935],
            [8.5893, 47.2035],
            [8.5708, 47.2173],
            [8.5316, 47.2218],
            [8.5032, 47.218],
            [8.4845, 47.2135],
            [8.4741, 47.2134],
            [8.4624, 47.2148],
            [8.4226, 47.2237],
            [8.416, 47.2266],
            [8.4133, 47.2307],
            [8.4121, 47.2349],
            [8.4074, 47.2455],
            [8.3849, 47.278],
            [8.3825, 47.2861],
            [8.3853, 47.2865],
            [8.3884, 47.2866],
            [8.391, 47.2868],
            [8.3977, 47.2886],
            [8.4149, 47.2959],
            [8.4335, 47.3123],
            [8.4427, 47.3232],
            [8.4456, 47.3328],
            [8.416, 47.3264],
            [8.4042, 47.3351],
            [8.402, 47.3389],
            [8.4011, 47.3422],
            [8.4014, 47.3454],
            [8.4034, 47.3562],
            [8.4035, 47.3625],
            [8.3991, 47.3661],
            [8.3795, 47.3729],
            [8.3737, 47.3761],
            [8.3708, 47.3783],
            [8.3728, 47.3837],
            [8.3994, 47.4022],
            [8.4035, 47.4104],
            [8.4011, 47.4142],
            [8.3874, 47.4264],
            [8.38, 47.4419],
            [8.3579, 47.4738],
            [8.3526, 47.4876],
            [8.3531, 47.4979],
            [8.3581, 47.5168],
            [8.3748, 47.535],
            [8.3964, 47.5499],
            [8.4194, 47.575],
            [8.4211, 47.5811],
            [8.4489, 47.5843],
            [8.4501, 47.589],
            [8.4618, 47.6061],
            [8.4924, 47.6198],
            [8.5224, 47.6219],
            [8.5378, 47.6121],
            [8.5496, 47.5986],
            [8.5517, 47.5969],
            [8.5303, 47.5829],
            [8.5294, 47.5754],
            [8.5336, 47.5737],
            [8.5404, 47.5692],
            [8.5435, 47.5667],
            [8.546, 47.5638],
            [8.549, 47.5614],
            [8.5525, 47.5605],
            [8.5559, 47.5607],
            [8.5637, 47.5685],
            [8.5766, 47.5915],
            [8.5763, 47.595],
            [8.5806, 47.6002],
            [8.5818, 47.6077],
            [8.5813, 47.6148],
            [8.5825, 47.6216],
            [8.5821, 47.625],
            [8.5797, 47.6289],
            [8.5781, 47.6335],
            [8.5803, 47.639],
            [8.584, 47.6411],
            [8.5892, 47.6425],
            [8.5936, 47.6426],
            [8.5945, 47.641],
            [8.5951, 47.6348],
            [8.6016, 47.6326]
          ]
        ]
      }
    },
    {
      "type": "Feature",
      "properties": { "code": "CH-AG", "name": "Aargau", "country": "CH" },
      "geometry": {
        "type": "Polygon",
        "coordinates": [
          [
            [8.2511, 47.622],
            [8.277, 47.6166],
            [8.2886, 47.6158],
            [8.2939, 47.6115],
            [8.2993, 47.6018],
            [8.3063, 47.5922],
            [8.3162, 47.5878],
            [8.3541, 47.581],
            [8.4181, 47.5808],
            [8.4211, 47.5811],
            [8.4194, 47.575],
            [8.3964, 47.5499],
            [8.3748, 47.535],
            [8.3581, 47.5168],
            [8.3531, 47.4979],
            [8.3526, 47.4876],
            [8.3579, 47.4738],
            [8.38, 47.4419],
            [8.3874, 47.4264],
            [8.4011, 47.4142],
            [8.4035, 47.4104],
            [8.3994, 47.4022],
            [8.3728, 47.3837],
            [8.3708, 47.3783],
            [8.3737, 47.3761],
            [8.3795, 47.3729],
            [8.3991, 47.3661],
            [8.4035, 47.3625],
            [8.4034, 47.3562],
            [8.4014, 47.3454],
            [8.4011, 47.3422],
            [8.402, 47.3389],
            [8.4042, 47.3351],
            [8.416, 47.3264],
            [8.4456, 47.3328],
            [8.4427, 47.3232],
            [8.4335, 47.3123],
            [8.4149, 47.2959],
            [8.3977, 47.2886],
            [8.391, 47.2868],
            [8.3884, 47.2866],
            [8.3853, 47.2865],
            [8.3825, 47.2861],
            [8.3849, 47.278],
            [8.4074, 47.2455],
            [8.3944, 47.2284],
            [8.3938, 47.2257],
            [8.393, 47.2195],
            [8.3981, 47.1774],
            [8.4056, 47.1423],
            [8.4048, 47.1423],
            [8.3765, 47.1431],
            [8.3641, 47.1472],
            [8.3587, 47.1506],
            [8.3514, 47.1568],
            [8.3404, 47.1685],
            [8.3368, 47.1733],
            [8.3035, 47.2384],
            [8.2959, 47.2498],
            [8.2917, 47.2583],
            [8.2886, 47.2681],
            [8.283, 47.2738],
            [8.2771, 47.2776],
            [8.2606, 47.2823],
            [8.2437, 47.2811],
            [8.227, 47.2678],
            [8.2225, 47.2596],
            [8.1998, 47.2321],
            [8.1835, 47.2239],
            [8.1745, 47.2232],
            [8.1677, 47.2253],
            [8.163, 47.2275],
            [8.1593, 47.2299],
            [8.1575, 47.2316],
            [8.1562, 47.2349],
            [8.1545, 47.2369],
            [8.1545, 47.2383],
            [8.1559, 47.2393],
            [8.1632, 47.2413],
            [8.1604, 47.2429],
            [8.1514, 47.2454],
            [8.1242, 47.2461],
            [8.1042, 47.2506],
            [8.0893, 47.2612],
            [8.0204, 47.243],
            [7.9981, 47.273],
            [7.9827, 47.2774],
            [7.9613, 47.2771],
            [7.9571, 47.2766],
            [7.9556, 47.2754],
            [7.9548, 47.2727],
            [7.9549, 47.2647],
            [7.956, 47.2562],
            [7.9556, 47.2528],
            [7.9548, 47.2508],
            [7.9542, 47.2498],
            [7.9526, 47.2486],
            [7.9487, 47.2466],
            [7.9233, 47.2403],
            [7.9005, 47.2403],
            [7.8393, 47.2318],
            [7.8263, 47.247],
            [7.8254, 47.2495],
            [7.8229, 47.269],
            [7.8304, 47.2754],
            [7.8545, 47.308],
            [7.8575, 47.3107],
            [7.9019, 47.3383],
            [7.9092, 47.3371],
            [7.9178, 47.3348],
            [7.9816, 47.3283],
            [7.9888, 47.3309],
            [7.9969, 47.3345],
            [8.0105, 47.3562],
            [8.0218, 47.3678],
            [8.0291, 47.3792],
            [8.028, 47.3981],
            [8.0155, 47.4006],
            [8.0057, 47.4043],
            [7.997, 47.4099],
            [7.9924, 47.4145],
            [7.988, 47.4283],
            [7.9813, 47.4312],
            [7.9802, 47.4402],
            [7.9811, 47.4422],
            [7.9808, 47.4455],
            [7.9791, 47.4487],
            [7.9704, 47.4558],
            [7.9549, 47.4577],
            [7.9424, 47.4634],
            [7.9415, 47.4653],
            [7.9404, 47.4694],
            [7.9402, 47.4836],
            [7.9096, 47.4858],
            [7.9005, 47.4904],
            [7.8969, 47.498],
            [7.8677, 47.5281],
            [7.8631, 47.535],
            [7.8573, 47.538],
            [7.8494, 47.5453],
            [7.8352, 47.5482],
            [7.8291, 47.5475],
            [7.8263, 47.546],
            [7.8251, 47.5419],
            [7.8246, 47.5357],
            [7.8238, 47.5324],
            [7.8214, 47.5297],
            [7.7962, 47.5142],
            [7.7827, 47.5128],
            [7.7799, 47.5163],
            [7.7777, 47.522],
            [7.7771, 47.5278],
            [7.7777, 47.5326],
            [7.774, 47.535],
            [7.7717, 47.5361],
            [7.7671, 47.5366],
            [7.7306, 47.5488],
            [7.7273, 47.5504],
            [7.7667, 47.556],
            [7.7855, 47.5632],
            [7.8015, 47.5761],
            [7.8197, 47.5953],
            [7.8337, 47.5905],
            [7.8982, 47.5878],
            [7.9043, 47.5836],
            [7.9075, 47.5742],
            [7.9095, 47.5648],
            [7.9122, 47.5606],
            [8.0423, 47.5606],
            [8.0872, 47.5674],
            [8.097, 47.5719],
            [8.1014, 47.5762],
            [8.1054, 47.5813],
            [8.1139, 47.5878],
            [8.1221, 47.5921],
            [8.1438, 47.6001],
            [8.1621, 47.6038],
            [8.1689, 47.6086],
            [8.1738, 47.6135],
            [8.179, 47.6158],
            [8.233, 47.622],
            [8.2511, 47.622]
          ]
        ]
      }
    },
    {
      "type": "Feature",
      "properties": { "code": "CH-BS", "name": "Basel-Stadt", "country": "CH" },
      "geometry": {
        "type": "Polygon",
        "coordinates": [
          [
            [7.6597, 47.5966],
            [7.6465, 47.5715],
            [7.6359, 47.5646],
            [7.6123, 47.5647],
            [7.6097, 47.5647],
            [7.6469, 47.5514],
            [7.6467, 47.5348],
            [7.6404, 47.5297],
            [7.6303, 47.5337],
            [7.6226, 47.538],
            [7.6168, 47.5426],
            [7.6117, 47.544],
            [7.6064, 47.5429],
            [7.5889, 47.5349],
            [7.5788, 47.5407],
            [7.576, 47.5444],
            [7.5662, 47.5451],
            [7.5568, 47.5468],
            [7.5265, 47.5612],
            [7.5209, 47.5634],
            [7.5263, 47.5665],
            [7.5503, 47.5755],
            [7.5855, 47.5845],
            [7.586, 47.5846],
            [7.637, 47.595],
            [7.6597, 47.5966]
          ]
        ]
      }
    },
    {
      "type": "Feature",
      "properties": { "code": "CH-BL", "name": "Basel-Landschaft", "country": "CH" },
      "geometry": {
        "type": "MultiPolygon",
        "coordinates": [
          [
            [
              [7.6834, 47.5443],
              [7.7273, 47.5504],
              [7.7306, 47.5488],
              [7.7671, 47.5366],
              [7.7717, 47.5361],
              [7.774, 47.535],
              [7.7777, 47.5326],
              [7.7771, 47.5278],
              [7.7777, 47.522],
              [7.7799, 47.5163],
              [7.7827, 47.5128],
              [7.7962, 47.5142],
              [7.8214, 47.5297],
              [7.8238, 47.5324],
              [7.8246, 47.5357],
              [7.8251, 47.5419],
              [7.8263, 47.546],
              [7.8291, 47.5475],
              [7.8352, 47.5482],
              [7.8494, 47.5453],
              [7.8573, 47.538],
              [7.8631, 47.535],
              [7.8677, 47.5281],
              [7.8969, 47.498],
              [7.9005, 47.4904],
              [7.9096, 47.4858],
              [7.9402, 47.4836],
              [7.9404, 47.4694],
              [7.9415, 47.4653],
              [7.9424, 47.4634],
              [7.9549, 47.4577],
              [7.9497, 47.447],
              [7.9449, 47.4406],
              [7.945, 47.4383],
              [7.9467, 47.4345],
              [7.9497, 47.4307],
              [7.9531, 47.427],
              [7.9537, 47.4223],
              [7.9478, 47.4171],
              [7.9289, 47.4078],
              [7.9078, 47.4038],
              [7.8949, 47.4031],
              [7.887, 47.4035],
              [7.882, 47.4024],
              [7.8765, 47.3918],
              [7.8732, 47.3871],
              [7.8705, 47.3847],
              [7.846, 47.3771],
              [7.8386, 47.3732],
              [7.8178, 47.3692],
              [7.8053, 47.3636],
              [7.7897, 47.3454],
              [7.7861, 47.3385],
              [7.7649, 47.3427],
              [7.7589, 47.3447],
              [7.7521, 47.3477],
              [7.7447, 47.3538],
              [7.7349, 47.3586],
              [7.7138, 47.3662],
              [7.689, 47.3703],
              [7.6538, 47.3681],
              [7.6485, 47.3695],
              [7.6452, 47.3722],
              [7.6396, 47.3849],
              [7.6381, 47.3907],
              [7.637, 47.3981],
              [7.6379, 47.4065],
              [7.6472, 47.4082],
              [7.671, 47.4129],
              [7.6755, 47.4145],
              [7.6839, 47.4216],
              [7.687, 47.4299],
              [7.6874, 47.4426],
              [7.6883, 47.4457],
              [7.6904, 47.4482],
              [7.6932, 47.45],
              [7.6972, 47.4517],
              [7.7012, 47.4541],
              [7.7042, 47.4571],
              [7.7087, 47.4631],
              [7.7134, 47.4673],
              [7.7103, 47.4711],
              [7.707, 47.4736],
              [7.6643, 47.4916],
              [7.6563, 47.492],
              [7.6561, 47.4878],
              [7.6538, 47.4853],
              [7.6497, 47.4834],
              [7.6227, 47.4853],
              [7.6145, 47.4841],
              [7.6081, 47.4728],
              [7.6235, 47.4677],
              [7.626, 47.4642],
              [7.6266, 47.4618],
              [7.6151, 47.4397],
              [7.6029, 47.4312],
              [7.5802, 47.4299],
              [7.5748, 47.4283],
              [7.574, 47.4227],
              [7.5751, 47.4187],
              [7.5774, 47.4155],
              [7.576, 47.4134],
              [7.5709, 47.4124],
              [7.5422, 47.4108],
              [7.5383, 47.4097],
              [7.5346, 47.4075],
              [7.5316, 47.4024],
              [7.528, 47.398],
              [7.5236, 47.3935],
              [7.5163, 47.3903],
              [7.5068, 47.3886],
              [7.4905, 47.3903],
              [7.4734, 47.397],
              [7.4663, 47.3978],
              [7.4527, 47.3958],
              [7.4371, 47.3793],
              [7.4263, 47.3793],
              [7.4231, 47.3805],
              [7.4197, 47.3827],
              [7.4182, 47.3906],
              [7.4112, 47.3983],
              [7.3842, 47.4131],
              [7.4404, 47.4146],
              [7.4551, 47.4214],
              [7.4558, 47.4251],
              [7.455, 47.428],
              [7.4458, 47.4389],
              [7.4435, 47.4408],
              [7.4412, 47.4413],
              [7.4345, 47.4413],
              [7.432, 47.4417],
              [7.4292, 47.4427],
              [7.4269, 47.4444],
              [7.4257, 47.4454],
              [7.4208, 47.4506],
              [7.4206, 47.4509],
              [7.4261, 47.4558],
              [7.4293, 47.4651],
              [7.4276, 47.4707],
              [7.4228, 47.4754],
              [7.4195, 47.4779],
              [7.4144, 47.484],
              [7.4143, 47.4902],
              [7.426, 47.4925],
              [7.4415, 47.4888],
              [7.446, 47.4869],
              [7.4472, 47.4648],
              [7.4506, 47.4567],
              [7.452, 47.4545],
              [7.4542, 47.452],
              [7.4705, 47.4518],
              [7.5339, 47.4608],
              [7.5333, 47.4873],
              [7.5316, 47.4905],
              [7.529, 47.4939],
              [7.5209, 47.4951],
              [7.5017, 47.5001],
              [7.4858, 47.4988],
              [7.4849, 47.5009],
              [7.4778, 47.5077],
              [7.4756, 47.5117],
              [7.4769, 47.5149],
              [7.4827, 47.517],
              [7.4931, 47.5155],
              [7.5011, 47.5173],
              [7.5055, 47.523],
              [7.5052, 47.533],
              [7.5017, 47.533],
              [7.4851, 47.5416],
              [7.4827, 47.5423],
              [7.5209, 47.5634],
              [7.5265, 47.5612],
              [7.5568, 47.5468],
              [7.5662, 47.5451],
              [7.576, 47.5444],
              [7.5788, 47.5407],
              [7.5889, 47.5349],
              [7.6064, 47.5429],
              [7.6117, 47.544],
              [7.6168, 47.5426],
              [7.6226, 47.538],
              [7.6303, 47.5337],
              [7.6404, 47.5297],
              [7.6467, 47.5348],
              [7.6469, 47.5514],
              [7.6614, 47.5462],
              [7.6834, 47.5443]
            ]
          ],
          [
            [
              [7.3785, 47.4306],
              [7.3882, 47.4333],
              [7.3842, 47.4131],
              [7.3425, 47.4273],
              [7.3394, 47.429],
              [7.3369, 47.4319],
              [7.3785, 47.4306]
            ]
          ]
        ]
      }
    },
    {
      "type": "Feature",
      "properties": { "code": "CH-SG", "name": "Sankt Gallen", "country": "CH" },
      "geometry": {
        "type": "Polygon",
        "coordinates": [
          [
            [9.5531, 47.5169],
            [9.555, 47.5109],
            [9.5845, 47.4807],
            [9.6217, 47.4692],
            [9.6503, 47.4521],
            [9.6495, 47.4097],
            [9.6398, 47.3945],
            [9.601, 47.3613],
            [9.5964, 47.3523],
            [9.5912, 47.3347],
            [9.5874, 47.3278],
            [9.5533, 47.2999],
            [9.5212, 47.2628],
            [9.5046, 47.2437],
            [9.497, 47.2289],
            [9.4874, 47.21],
            [9.4864, 47.1969],
            [9.485, 47.1763],
            [9.4926, 47.1598],
            [9.4955, 47.156],
            [9.5035, 47.1454],
            [9.5119, 47.1294],
            [9.5124, 47.108],
            [9.5029, 47.0947],
            [9.4876, 47.0839],
            [9.4759, 47.0732],
            [9.477, 47.0639],
            [9.4772, 47.06],
            [9.4848, 47.0432],
            [9.4959, 47.0266],
            [9.5264, 46.9911],
            [9.532, 46.9833],
            [9.5244, 46.9819],
            [9.5185, 46.9795],
            [9.5138, 46.976],
            [9.5101, 46.9666],
            [9.5073, 46.9625],
            [9.498, 46.9575],
            [9.4928, 46.9532],
            [9.486, 46.9447],
            [9.4809, 46.9369],
            [9.4778, 46.925],
            [9.4783, 46.9203],
            [9.4772, 46.9151],
            [9.4744, 46.9097],
            [9.4612, 46.8938],
            [9.4487, 46.8909],
            [9.4457, 46.8827],
            [9.4426, 46.8818],
            [9.4354, 46.8823],
            [9.4243, 46.8881],
            [9.4038, 46.8952],
            [9.2699, 46.9086],
            [9.2655, 46.9069],
            [9.2602, 46.9069],
            [9.2567, 46.9076],
            [9.2409, 46.9203],
            [9.2429, 46.9297],
            [9.2418, 46.9335],
            [9.234, 46.9455],
            [9.2306, 46.9542],
            [9.2302, 46.9579],
            [9.2322, 46.961],
            [9.2331, 46.9636],
            [9.2378, 46.9923],
            [9.2362, 46.9994],
            [9.2319, 47.0082],
            [9.2187, 47.0267],
            [9.2104, 47.0344],
            [9.2024, 47.0385],
            [9.1951, 47.0381],
            [9.1876, 47.0365],
            [9.1765, 47.0326],
            [9.1578, 47.0312],
            [9.1513, 47.0325],
            [9.1329, 47.0398],
            [9.1322, 47.0417],
            [9.1347, 47.0441],
            [9.1693, 47.0606],
            [9.1749, 47.0747],
            [9.1799, 47.1222],
            [9.0747, 47.1363],
            [9.0595, 47.1422],
            [9.007, 47.1747],
            [9.0011, 47.1748],
            [8.9851, 47.1689],
            [8.9585, 47.1872],
            [8.9519, 47.1957],
            [8.9518, 47.1982],
            [8.9526, 47.2044],
            [8.9553, 47.2139],
            [8.9241, 47.2205],
            [8.83, 47.214],
            [8.7754, 47.2206],
            [8.7892, 47.2437],
            [8.8076, 47.2536],
            [8.8487, 47.2497],
            [8.8618, 47.2505],
            [8.9207, 47.2691],
            [8.93, 47.2748],
            [8.9347, 47.2796],
            [8.9339, 47.2878],
            [8.9395, 47.294],
            [8.947, 47.3008],
            [8.9598, 47.3084],
            [8.966, 47.3134],
            [8.9691, 47.3173],
            [8.9662, 47.3251],
            [8.9605, 47.3465],
            [8.9367, 47.3756],
            [8.9324, 47.38],
            [8.9425, 47.3804],
            [8.9507, 47.3879],
            [8.9645, 47.4049],
            [8.9743, 47.4127],
            [8.9854, 47.4299],
            [8.9891, 47.4335],
            [8.9936, 47.4346],
            [8.9974, 47.4336],
            [9.0008, 47.4335],
            [9.0047, 47.4342],
            [9.0094, 47.4361],
            [9.0143, 47.4375],
            [9.0197, 47.4384],
            [9.0267, 47.4389],
            [9.0303, 47.4405],
            [9.0321, 47.443],
            [9.0326, 47.4464],
            [9.0312, 47.4565],
            [9.0312, 47.4601],
            [9.0035, 47.4735],
            [9.0013, 47.4768],
            [9.0004, 47.4819],
            [9.0036, 47.4862],
            [9.0097, 47.4879],
            [9.0151, 47.4886],
            [9.0193, 47.4897],
            [9.0276, 47.4957],
            [9.0312, 47.4964],
            [9.0391, 47.4944],
            [9.0452, 47.4943],
            [9.0624, 47.4961],
            [9.0657, 47.4957],
            [9.0683, 47.4938],
            [9.0703, 47.4913],
            [9.0727, 47.4896],
            [9.0756, 47.4891],
            [9.0844, 47.4901],
            [9.0883, 47.4901],
            [9.1009, 47.4878],
            [9.1133, 47.4879],
            [9.1299, 47.4896],
            [9.1378, 47.4927],
            [9.1425, 47.4965],
            [9.1515, 47.5076],
            [9.1664, 47.4956],
            [9.1991, 47.485],
            [9.2381, 47.4791],
            [9.2557, 47.4774],
            [9.2596, 47.4795],
            [9.2688, 47.4829],
            [9.2746, 47.4833],
            [9.2829, 47.4819],
            [9.2897, 47.4834],
            [9.2952, 47.4861],
            [9.2989, 47.49],
            [9.3012, 47.493],
            [9.3049, 47.5008],
            [9.2998, 47.5158],
            [9.2967, 47.5164],
            [9.2924, 47.5165],
            [9.287, 47.515],
            [9.2808, 47.5142],
            [9.2702, 47.5152],
            [9.2664, 47.5168],
            [9.2663, 47.5194],
            [9.268, 47.5207],
            [9.2699, 47.5212],
            [9.272, 47.5204],
            [9.2737, 47.5204],
            [9.2763, 47.5214],
            [9.2794, 47.524],
            [9.2832, 47.526],
            [9.2894, 47.5275],
            [9.2952, 47.5284],
            [9.3034, 47.5287],
            [9.3063, 47.5295],
            [9.3113, 47.5327],
            [9.3159, 47.5341],
            [9.3209, 47.5351],
            [9.3351, 47.5354],
            [9.3444, 47.5254],
            [9.3444, 47.5213],
            [9.3439, 47.5176],
            [9.3407, 47.5122],
            [9.343, 47.5075],
            [9.3653, 47.488],
            [9.374, 47.4831],
            [9.3805, 47.4814],
            [9.3874, 47.4907],
            [9.4384, 47.5167],
            [9.4485, 47.5122],
            [9.444, 47.5029],
            [9.4451, 47.5016],
            [9.446, 47.5001],
            [9.4559, 47.4966],
            [9.4597, 47.4964],
            [9.4645, 47.497],
            [9.4735, 47.4993],
            [9.5528, 47.5168],
            [9.5531, 47.5169]
          ],
          [
            [9.4882, 47.3534],
            [9.4814, 47.3685],
            [9.4866, 47.3936],
            [9.5137, 47.4008],
            [9.5264, 47.4021],
            [9.5405, 47.3972],
            [9.5832, 47.4152],
            [9.5815, 47.4244],
            [9.5832, 47.4318],
            [9.5853, 47.4342],
            [9.6084, 47.4498],
            [9.5677, 47.4545],
            [9.5521, 47.4587],
            [9.549, 47.4602],
            [9.5422, 47.4642],
            [9.5392, 47.4652],
            [9.5309, 47.4666],
            [9.5287, 47.4673],
            [9.5264, 47.4683],
            [9.5223, 47.4681],
            [9.5169, 47.4661],
            [9.4959, 47.4532],
            [9.4459, 47.438],
            [9.4374, 47.4358],
            [9.4257, 47.434],
            [9.4204, 47.4278],
            [9.4171, 47.4217],
            [9.4154, 47.4164],
            [9.4094, 47.4118],
            [9.3974, 47.4093],
            [9.3754, 47.4095],
            [9.3394, 47.4054],
            [9.2942, 47.3992],
            [9.278, 47.4028],
            [9.2708, 47.4029],
            [9.235, 47.3992],
            [9.226, 47.4003],
            [9.2226, 47.3974],
            [9.2174, 47.3914],
            [9.2076, 47.3767],
            [9.2, 47.3677],
            [9.1876, 47.3597],
            [9.1861, 47.3577],
            [9.1991, 47.3402],
            [9.209, 47.3419],
            [9.2134, 47.3419],
            [9.2168, 47.3403],
            [9.218, 47.3369],
            [9.2137, 47.3314],
            [9.2103, 47.328],
            [9.2038, 47.3233],
            [9.2019, 47.3193],
            [9.2013, 47.3129],
            [9.2083, 47.2905],
            [9.1966, 47.2811],
            [9.2041, 47.2751],
            [9.2083, 47.2734],
            [9.2174, 47.2715],
            [9.2672, 47.2671],
            [9.298, 47.2555],
            [9.3084, 47.2501],
            [9.3111, 47.2502],
            [9.3147, 47.2501],
            [9.3315, 47.2531],
            [9.3447, 47.2466],
            [9.3534, 47.2442],
            [9.3603, 47.2411],
            [9.3692, 47.2399],
            [9.3755, 47.2397],
            [9.4038, 47.247],
            [9.4233, 47.2539],
            [9.4377, 47.261],
            [9.4516, 47.2715],
            [9.4711, 47.2964],
            [9.4882, 47.3534]
          ]
        ]
      }
    },
    {
      "type": "Feature",
      "properties": { "code": "CH-SO", "name": "Solothurn", "country": "CH" },
      "geometry": {
        "type": "MultiPolygon",
        "coordinates": [
          [
            [
              [7.4674, 47.4819],
              [7.4827, 47.4913],
              [7.4845, 47.4929],
              [7.4858, 47.4958],
              [7.4859, 47.4984],
              [7.4858, 47.4988],
              [7.5017, 47.5001],
              [7.5209, 47.4951],
              [7.529, 47.4939],
              [7.5316, 47.4905],
              [7.5333, 47.4873],
              [7.5339, 47.4608],
              [7.4705, 47.4518],
              [7.4542, 47.452],
              [7.452, 47.4545],
              [7.4506, 47.4567],
              [7.4472, 47.4648],
              [7.446, 47.4869],
              [7.4545, 47.4832],
              [7.4674, 47.4819]
            ]
          ],
          [
            [
              [7.3882, 47.4333],
              [7.4063, 47.4382],
              [7.4206, 47.4509],
              [7.4208, 47.4506],
              [7.4257, 47.4454],
              [7.4269, 47.4444],
              [7.4292, 47.4427],
              [7.432, 47.4417],
              [7.4345, 47.4413],
              [7.4412, 47.4413],
              [7.4435, 47.4408],
              [7.4458, 47.4389],
              [7.455, 47.428],
              [7.4558, 47.4251],
              [7.4551, 47.4214],
              [7.4404, 47.4146],
              [7.3842, 47.4131],
              [7.3882, 47.4333]
            ]
          ],
          [
            [
              [7.559, 47.3207],
              [7.5675, 47.3211],
              [7.5689, 47.324],
              [7.57, 47.3293],
              [7.5692, 47.3337],
              [7.5675, 47.3378],
              [7.5647, 47.3406],
              [7.5621, 47.3426],
              [7.5545, 47.344],
              [7.5383, 47.3532],
              [7.529, 47.3638],
              [7.5206, 47.3679],
              [7.5124, 47.3698],
              [7.5051, 47.3695],
              [7.4857, 47.3709],
              [7.4371, 47.3793],
              [7.4527, 47.3958],
              [7.4663, 47.3978],
              [7.4734, 47.397],
              [7.4905, 47.3903],
              [7.5068, 47.3886],
              [7.5163, 47.3903],
              [7.5236, 47.3935],
              [7.528, 47.398],
              [7.5316, 47.4024],
              [7.5346, 47.4075],
              [7.5383, 47.4097],
              [7.5422, 47.4108],
              [7.5709, 47.4124],
              [7.576, 47.4134],
              [7.5774, 47.4155],
              [7.5751, 47.4187],
              [7.574, 47.4227],
              [7.5748, 47.4283],
              [7.5802, 47.4299],
              [7.6029, 47.4312],
              [7.6151, 47.4397],
              [7.6266, 47.4618],
              [7.626, 47.4642],
              [7.6235, 47.4677],
              [7.6081, 47.4728],
              [7.6145, 47.4841],
              [7.6227, 47.4853],
              [7.6497, 47.4834],
              [7.6538, 47.4853],
              [7.6561, 47.4878],
              [7.6563, 47.492],
              [7.6643, 47.4916],
              [7.707, 47.4736],
              [7.7103, 47.4711],
              [7.7134, 47.4673],
              [7.7087, 47.4631],
              [7.7042, 47.4571],
              [7.7012, 47.4541],
              [7.6972, 47.4517],
              [7.6932, 47.45],
              [7.6904, 47.4482],
              [7.6883, 47.4457],
              [7.6874, 47.4426],
              [7.687, 47.4299],
              [7.6839, 47.4216],
              [7.6755, 47.4145],
              [7.671, 47.4129],
              [7.6472, 47.4082],
              [7.6379, 47.4065],
              [7.637, 47.3981],
              [7.6381, 47.3907],
              [7.6396, 47.3849],
              [7.6452, 47.3722],
              [7.6485, 47.3695],
              [7.6538, 47.3681],
              [7.689, 47.3703],
              [7.7138, 47.3662],
              [7.7349, 47.3586],
              [7.7447, 47.3538],
              [7.7521, 47.3477],
              [7.7589, 47.3447],
              [7.7649, 47.3427],
              [7.7861, 47.3385],
              [7.7897, 47.3454],
              [7.8053, 47.3636],
              [7.8178, 47.3692],
              [7.8386, 47.3732],
              [7.846, 47.3771],
              [7.8705, 47.3847],
              [7.8732, 47.3871],
              [7.8765, 47.3918],
              [7.882, 47.4024],
              [7.887, 47.4035],
              [7.8949, 47.4031],
              [7.9078, 47.4038],
              [7.9289, 47.4078],
              [7.9478, 47.4171],
              [7.9537, 47.4223],
              [7.9531, 47.427],
              [7.9497, 47.4307],
              [7.9467, 47.4345],
              [7.945, 47.4383],
              [7.9449, 47.4406],
              [7.9497, 47.447],
              [7.9549, 47.4577],
              [7.9704, 47.4558],
              [7.9791, 47.4487],
              [7.9808, 47.4455],
              [7.9811, 47.4422],
              [7.9802, 47.4402],
              [7.9813, 47.4312],
              [7.988, 47.4283],
              [7.9924, 47.4145],
              [7.997, 47.4099],
              [8.0057, 47.4043],
              [8.0155, 47.4006],
              [8.028, 47.3981],
              [8.0291, 47.3792],
              [8.0218, 47.3678],
              [8.0105, 47.3562],
              [7.9969, 47.3345],
              [7.9888, 47.3309],
              [7.9816, 47.3283],
              [7.9178, 47.3348],
              [7.9092, 47.3371],
              [7.9019, 47.3383],
              [7.8575, 47.3107],
              [7.8545, 47.308],
              [7.8304, 47.2754],
              [7.8229, 47.269],
              [7.7883, 47.2632],
              [7.7788, 47.2655],
              [7.7594, 47.2606],
              [7.7318, 47.2615],
              [7.7202, 47.2666],
              [7.6863, 47.2942],
              [7.6502, 47.2832],
              [7.5834, 47.2776],
              [7.5978, 47.2659],
              [7.599, 47.2621],
              [7.6021, 47.2549],
              [7.6029, 47.2472],
              [7.6215, 47.2319],
              [7.6398, 47.2263],
              [7.6558, 47.2102],
              [7.6701, 47.1926],
              [7.6752, 47.1845],
              [7.6769, 47.1788],
              [7.6753, 47.1757],
              [7.6727, 47.1724],
              [7.6694, 47.1703],
              [7.6601, 47.1669],
              [7.6539, 47.1605],
              [7.6435, 47.1532],
              [7.6374, 47.1525],
              [7.5914, 47.1535],
              [7.5645, 47.1662],
              [7.5534, 47.165],
              [7.5394, 47.1557],
              [7.5132, 47.1296],
              [7.4987, 47.1207],
              [7.472, 47.1123],
              [7.4686, 47.1094],
              [7.4688, 47.1051],
              [7.4739, 47.0962],
              [7.4754, 47.0915],
              [7.4747, 47.0858],
              [7.4711, 47.0824],
              [7.4647, 47.0797],
              [7.4463, 47.0754],
              [7.4376, 47.0889],
              [7.4368, 47.098],
              [7.4345, 47.0984],
              [7.4261, 47.0974],
              [7.3976, 47.0918],
              [7.394, 47.0929],
              [7.3883, 47.0962],
              [7.3822, 47.1049],
              [7.3788, 47.1085],
              [7.376, 47.1124],
              [7.3749, 47.1156],
              [7.3765, 47.1199],
              [7.3797, 47.1207],
              [7.3911, 47.1193],
              [7.3974, 47.1195],
              [7.4076, 47.1176],
              [7.4123, 47.118],
              [7.43, 47.1212],
              [7.4376, 47.1243],
              [7.4384, 47.1291],
              [7.4364, 47.1386],
              [7.4382, 47.1434],
              [7.4444, 47.1498],
              [7.4554, 47.156],
              [7.4589, 47.156],
              [7.4637, 47.1541],
              [7.4697, 47.153],
              [7.4767, 47.1541],
              [7.4876, 47.1593],
              [7.491, 47.1646],
              [7.4876, 47.1681],
              [7.4829, 47.1707],
              [7.4796, 47.1733],
              [7.4782, 47.1781],
              [7.4759, 47.1909],
              [7.4604, 47.1888],
              [7.4551, 47.1869],
              [7.4477, 47.1825],
              [7.4395, 47.1811],
              [7.434, 47.1768],
              [7.4251, 47.1712],
              [7.4173, 47.1645],
              [7.4092, 47.1615],
              [7.3988, 47.1602],
              [7.3926, 47.1613],
              [7.3903, 47.1624],
              [7.3907, 47.1645],
              [7.3914, 47.1667],
              [7.3907, 47.1697],
              [7.3839, 47.1813],
              [7.3814, 47.1844],
              [7.3766, 47.1868],
              [7.3656, 47.1896],
              [7.3608, 47.1915],
              [7.3577, 47.1942],
              [7.3549, 47.2],
              [7.3513, 47.2036],
              [7.3462, 47.2118],
              [7.3488, 47.2166],
              [7.4238, 47.2395],
              [7.4211, 47.2465],
              [7.4423, 47.2588],
              [7.4646, 47.2649],
              [7.4739, 47.2703],
              [7.4853, 47.2789],
              [7.4938, 47.2835],
              [7.5008, 47.2864],
              [7.5335, 47.2936],
              [7.5428, 47.298],
              [7.5487, 47.3028],
              [7.5563, 47.3182],
              [7.559, 47.3207]
            ]
          ]
        ]
      }
    },
    {
      "type": "Feature",
      "properties": { "code": "CH-JU", "name": "Jura", "country": "CH" },
      "geometry": {
        "type": "Polygon",
        "coordinates": [
          [
            [7.0098, 47.4992],
            [7.0189, 47.4977],
            [7.028, 47.4929],
            [7.0539, 47.4904],
            [7.1037, 47.4963],
            [7.1273, 47.4929],
            [7.1403, 47.4879],
            [7.1422, 47.4877],
            [7.1537, 47.4864],
            [7.1808, 47.4883],
            [7.1626, 47.4599],
            [7.1683, 47.4436],
            [7.19, 47.4347],
            [7.2194, 47.4285],
            [7.2235, 47.4262],
            [7.2263, 47.4226],
            [7.2303, 47.419],
            [7.2381, 47.4168],
            [7.2448, 47.4177],
            [7.2826, 47.4289],
            [7.3091, 47.4327],
            [7.3369, 47.4319],
            [7.3394, 47.429],
            [7.3425, 47.4273],
            [7.3842, 47.4131],
            [7.4112, 47.3983],
            [7.4182, 47.3906],
            [7.4197, 47.3827],
            [7.4231, 47.3805],
            [7.4263, 47.3793],
            [7.4371, 47.3793],
            [7.4857, 47.3709],
            [7.5051, 47.3695],
            [7.5124, 47.3698],
            [7.5206, 47.3679],
            [7.529, 47.3638],
            [7.5383, 47.3532],
            [7.5545, 47.344],
            [7.5382, 47.3337],
            [7.5358, 47.3271],
            [7.5366, 47.3239],
            [7.5402, 47.3223],
            [7.559, 47.3207],
            [7.5563, 47.3182],
            [7.4966, 47.3066],
            [7.3872, 47.3126],
            [7.3774, 47.3154],
            [7.3754, 47.3191],
            [7.3718, 47.324],
            [7.369, 47.3247],
            [7.3667, 47.323],
            [7.3646, 47.3186],
            [7.3609, 47.3151],
            [7.3553, 47.3114],
            [7.3473, 47.3091],
            [7.3426, 47.3068],
            [7.3384, 47.3039],
            [7.3307, 47.2996],
            [7.3192, 47.2947],
            [7.2936, 47.2885],
            [7.2782, 47.2863],
            [7.2592, 47.2855],
            [7.1749, 47.2971],
            [7.1724, 47.2869],
            [7.1741, 47.2825],
            [7.1723, 47.2788],
            [7.1682, 47.2758],
            [7.1581, 47.2708],
            [7.1563, 47.2677],
            [7.1558, 47.2654],
            [7.156, 47.2622],
            [7.1578, 47.2551],
            [7.1599, 47.251],
            [7.1547, 47.2475],
            [7.1055, 47.2412],
            [7.0743, 47.2432],
            [7.0678, 47.2423],
            [7.0638, 47.2396],
            [7.0619, 47.234],
            [7.061, 47.2323],
            [7.0594, 47.2299],
            [7.0522, 47.2225],
            [7.0474, 47.216],
            [7.0402, 47.2094],
            [7.0296, 47.2021],
            [7.0137, 47.1964],
            [7.0044, 47.1918],
            [6.9935, 47.1844],
            [6.9831, 47.1829],
            [6.9604, 47.1835],
            [6.9488, 47.1791],
            [6.9129, 47.1602],
            [6.9018, 47.1557],
            [6.894, 47.1543],
            [6.8898, 47.1558],
            [6.8864, 47.1585],
            [6.8773, 47.1637],
            [6.8498, 47.1651],
            [6.8381, 47.1681],
            [6.8403, 47.1695],
            [6.8593, 47.1909],
            [6.8883, 47.2113],
            [6.9562, 47.2452],
            [6.9522, 47.27],
            [6.9586, 47.2906],
            [6.9774, 47.3037],
            [6.9865, 47.3045],
            [6.9919, 47.306],
            [7.0065, 47.3194],
            [7.0169, 47.3235],
            [7.0271, 47.3254],
            [7.0366, 47.3295],
            [7.0443, 47.3405],
            [7.0339, 47.3507],
            [7.0189, 47.3599],
            [7.004, 47.3681],
            [6.9856, 47.3621],
            [6.8666, 47.3542],
            [6.8716, 47.367],
            [6.884, 47.3826],
            [6.8988, 47.3957],
            [6.9245, 47.406],
            [6.9261, 47.4249],
            [6.9392, 47.4268],
            [6.9523, 47.4288],
            [6.9685, 47.4352],
            [6.9834, 47.4438],
            [6.991, 47.4522],
            [6.9861, 47.4641],
            [6.9758, 47.478],
            [6.9733, 47.4891],
            [6.9919, 47.4929],
            [7.0008, 47.4977],
            [7.0098, 47.4992]
          ]
        ]
      }
    },
    {
      "type": "Feature",
      "properties": { "code": "CH-GE", "name": "Genève", "country": "CH" },
      "geometry": {
        "type": "Polygon",
        "coordinates": [
          [
            [6.0619, 46.2412],
            [6.0677, 46.2416],
            [6.0897, 46.2464],
            [6.094, 46.253],
            [6.0931, 46.2623],
            [6.0936, 46.2731],
            [6.1007, 46.3014],
            [6.1041, 46.3092],
            [6.1186, 46.3318],
            [6.1284, 46.3262],
            [6.1742, 46.3],
            [6.2166, 46.3095],
            [6.2183, 46.3055],
            [6.2275, 46.2885],
            [6.228, 46.2845],
            [6.2376, 46.2679],
            [6.2418, 46.2637],
            [6.2523, 46.2599],
            [6.269, 46.2652],
            [6.276, 46.2631],
            [6.2812, 46.2401],
            [6.2554, 46.2211],
            [6.1914, 46.1917],
            [6.1403, 46.1502],
            [6.1079, 46.1386],
            [6.0739, 46.1492],
            [6.0283, 46.1479],
            [5.9829, 46.1404],
            [5.9588, 46.1305],
            [5.9722, 46.1522],
            [5.9798, 46.1622],
            [5.9829, 46.1708],
            [5.9652, 46.1862],
            [5.9548, 46.1999],
            [5.9585, 46.212],
            [5.9829, 46.2227],
            [6.0429, 46.2431],
            [6.0445, 46.2434],
            [6.0462, 46.2435],
            [6.048, 46.2434],
            [6.0559, 46.2417],
            [6.0619, 46.2412]
          ]
        ]
      }
    },
    {
      "type": "Feature",
      "properties": { "code": "CH-VD", "name": "Vaud", "country": "CH" },
      "geometry": {
        "type": "MultiPolygon",
        "coordinates": [
          [
            [
              [6.1186, 46.3318],
              [6.1364, 46.3593],
              [6.1351, 46.3704],
              [6.1229, 46.3855],
              [6.1082, 46.3965],
              [6.059, 46.4174],
              [6.0542, 46.4194],
              [6.0657, 46.427],
              [6.0676, 46.4336],
              [6.0655, 46.4404],
              [6.0655, 46.448],
              [6.0648, 46.4511],
              [6.0624, 46.4552],
              [6.0602, 46.4599],
              [6.0602, 46.465],
              [6.0642, 46.4711],
              [6.0755, 46.4796],
              [6.1104, 46.5208],
              [6.1457, 46.5516],
              [6.138, 46.5576],
              [6.1215, 46.5703],
              [6.1184, 46.5835],
              [6.1319, 46.5956],
              [6.2663, 46.6804],
              [6.3379, 46.7074],
              [6.3479, 46.7132],
              [6.3742, 46.7336],
              [6.4074, 46.7457],
              [6.4179, 46.7511],
              [6.4292, 46.7608],
              [6.433, 46.7691],
              [6.4326, 46.786],
              [6.4252, 46.7916],
              [6.4199, 46.7965],
              [6.4171, 46.8022],
              [6.4186, 46.807],
              [6.4343, 46.8395],
              [6.4412, 46.8481],
              [6.4431, 46.8515],
              [6.4615, 46.8537],
              [6.5131, 46.8554],
              [6.5218, 46.8565],
              [6.5319, 46.8601],
              [6.5457, 46.8675],
              [6.5944, 46.8853],
              [6.6246, 46.8923],
              [6.64, 46.8993],
              [6.6665, 46.9146],
              [6.7255, 46.939],
              [6.7288, 46.9266],
              [6.7264, 46.917],
              [6.7291, 46.9109],
              [6.7345, 46.9058],
              [6.7427, 46.9013],
              [6.7457, 46.8962],
              [6.7464, 46.8905],
              [6.7458, 46.881],
              [6.7477, 46.8746],
              [6.7494, 46.8705],
              [6.766, 46.8453],
              [6.771, 46.8191],
              [6.7746, 46.8119],
              [6.7857, 46.804],
              [6.7882, 46.8028],
              [6.7905, 46.8025],
              [6.7949, 46.803],
              [6.7964, 46.8023],
              [6.798, 46.8003],
              [6.7975, 46.7983],
              [6.7956, 46.7961],
              [6.793, 46.7937],
              [6.7921, 46.7914],
              [6.7935, 46.7904],
              [6.806, 46.7862],
              [6.8092, 46.7856],
              [6.8129, 46.7855],
              [6.8172, 46.7848],
              [6.8278, 46.7813],
              [6.8323, 46.7804],
              [6.8355, 46.7802],
              [6.8437, 46.7811],
              [6.8495, 46.7839],
              [6.8563, 46.7857],
              [6.8608, 46.7859],
              [6.8678, 46.7873],
              [6.8722, 46.7858],
              [6.8773, 46.7832],
              [6.8818, 46.7815],
              [6.8861, 46.781],
              [6.9002, 46.7808],
              [6.9053, 46.7813],
              [6.9131, 46.7829],
              [6.9154, 46.7841],
              [6.9185, 46.7862],
              [6.9259, 46.798],
              [6.9299, 46.8028],
              [6.93, 46.8049],
              [6.9283, 46.8064],
              [6.9221, 46.8071],
              [6.9146, 46.8046],
              [6.9128, 46.8057],
              [6.9112, 46.8084],
              [6.915, 46.829],
              [6.9159, 46.8324],
              [6.9171, 46.8356],
              [6.919, 46.8389],
              [6.9235, 46.8455],
              [6.9296, 46.8522],
              [6.9299, 46.8554],
              [6.9268, 46.8584],
              [6.9164, 46.8641],
              [6.9105, 46.8661],
              [6.9058, 46.8667],
              [6.9022, 46.8663],
              [6.901, 46.8669],
              [6.9029, 46.8699],
              [6.9058, 46.8716],
              [6.9092, 46.8732],
              [6.9157, 46.8751],
              [6.9177, 46.875],
              [6.92, 46.8739],
              [6.9225, 46.8721],
              [6.924, 46.8718],
              [6.9209, 46.8754],
              [6.9174, 46.8786],
              [6.8751, 46.9072],
              [6.9074, 46.9255],
              [6.9383, 46.8956],
              [6.9415, 46.8937],
              [6.9474, 46.8896],
              [6.9637, 46.8743],
              [6.9665, 46.8727],
              [6.9687, 46.8725],
              [6.9699, 46.8733],
              [6.971, 46.8752],
              [6.9713, 46.8768],
              [6.9714, 46.879],
              [6.9731, 46.8801],
              [6.976, 46.8813],
              [6.9796, 46.882],
              [6.9825, 46.8821],
              [6.9845, 46.8814],
              [6.9868, 46.8794],
              [6.9889, 46.876],
              [6.9899, 46.8719],
              [6.987, 46.8677],
              [6.9853, 46.8633],
              [6.9851, 46.8587],
              [6.9878, 46.8496],
              [6.9915, 46.8459],
              [6.9943, 46.8444],
              [6.9991, 46.8455],
              [7.0003, 46.8454],
              [7.0014, 46.8444],
              [7.0006, 46.8412],
              [6.9974, 46.8369],
              [6.9875, 46.8286],
              [6.9814, 46.8258],
              [6.9769, 46.8231],
              [6.9733, 46.8192],
              [6.9676, 46.809],
              [6.9693, 46.7951],
              [6.9423, 46.7684],
              [6.9384, 46.7653],
              [6.9344, 46.7632],
              [6.9214, 46.7606],
              [6.9201, 46.7588],
              [6.9228, 46.7551],
              [6.9265, 46.7534],
              [6.9299, 46.7523],
              [6.9426, 46.75],
              [6.9437, 46.7493],
              [6.94, 46.741],
              [6.9108, 46.7135],
              [6.8762, 46.6786],
              [6.8706, 46.6686],
              [6.8703, 46.6671],
              [6.8716, 46.6655],
              [6.8722, 46.6643],
              [6.8698, 46.6629],
              [6.8641, 46.6621],
              [6.8486, 46.6617],
              [6.8372, 46.6599],
              [6.8211, 46.6522],
              [6.8092, 46.6514],
              [6.8068, 46.641],
              [6.8062, 46.6364],
              [6.806, 46.6246],
              [6.8076, 46.6136],
              [6.8092, 46.608],
              [6.8101, 46.6027],
              [6.8095, 46.6007],
              [6.807, 46.5996],
              [6.8062, 46.5986],
              [6.8063, 46.5963],
              [6.8068, 46.5935],
              [6.807, 46.5898],
              [6.8059, 46.5854],
              [6.8059, 46.582],
              [6.807, 46.5807],
              [6.8155, 46.5832],
              [6.8202, 46.5841],
              [6.8261, 46.584],
              [6.834, 46.5801],
              [6.8487, 46.581],
              [6.8599, 46.5831],
              [6.8638, 46.5823],
              [6.8691, 46.5803],
              [6.8804, 46.5724],
              [6.8872, 46.5691],
              [6.8915, 46.5681],
              [6.8993, 46.5697],
              [6.903, 46.57],
              [6.9047, 46.5693],
              [6.9029, 46.5666],
              [6.8976, 46.5613],
              [6.8726, 46.5418],
              [6.8698, 46.5387],
              [6.8666, 46.5371],
              [6.8543, 46.5425],
              [6.852, 46.5431],
              [6.8437, 46.5437],
              [6.8306, 46.5433],
              [6.8281, 46.5429],
              [6.8196, 46.531],
              [6.8265, 46.5173],
              [6.8379, 46.5064],
              [6.8422, 46.5048],
              [6.8498, 46.5037],
              [6.8644, 46.5051],
              [6.8729, 46.5081],
              [6.8802, 46.5118],
              [6.8948, 46.5228],
              [6.9055, 46.5225],
              [6.9192, 46.5189],
              [6.9747, 46.4904],
              [6.9814, 46.4787],
              [6.9848, 46.4685],
              [6.9856, 46.4645],
              [6.9875, 46.4593],
              [6.9906, 46.4547],
              [6.994, 46.451],
              [6.9961, 46.4473],
              [6.9994, 46.4461],
              [7.0003, 46.4445],
              [7.0236, 46.4523],
              [7.0276, 46.4611],
              [7.0295, 46.4638],
              [7.0326, 46.467],
              [7.0424, 46.4747],
              [7.0598, 46.4849],
              [7.0663, 46.4877],
              [7.0736, 46.4897],
              [7.1031, 46.4921],
              [7.1116, 46.4959],
              [7.1221, 46.502],
              [7.1379, 46.5147],
              [7.1451, 46.5218],
              [7.1552, 46.5276],
              [7.2126, 46.5396],
              [7.2425, 46.5561],
              [7.2469, 46.5475],
              [7.2492, 46.5447],
              [7.2521, 46.5417],
              [7.2539, 46.5386],
              [7.2543, 46.5343],
              [7.2537, 46.5273],
              [7.2539, 46.5208],
              [7.2526, 46.5127],
              [7.2495, 46.5047],
              [7.2421, 46.4947],
              [7.2368, 46.4899],
              [7.234, 46.486],
              [7.2334, 46.4823],
              [7.2357, 46.4688],
              [7.2351, 46.4626],
              [7.2315, 46.4558],
              [7.2224, 46.4474],
              [7.2061, 46.4406],
              [7.2032, 46.4372],
              [7.2063, 46.4286],
              [7.2095, 46.4225],
              [7.2115, 46.4145],
              [7.2117, 46.4092],
              [7.2004, 46.3847],
              [7.2101, 46.3793],
              [7.2246, 46.3691],
              [7.2306, 46.3669],
              [7.2332, 46.3641],
              [7.2335, 46.3607],
              [7.2287, 46.3552],
              [7.2267, 46.3516],
              [7.2278, 46.3314],
              [7.2157, 46.3219],
              [7.1985, 46.3089],
              [7.198, 46.3057],
              [7.1997, 46.2925],
              [7.196, 46.2849],
              [7.1842, 46.2706],
              [7.1702, 46.257],
              [7.1512, 46.2436],
              [7.1396, 46.2401],
              [7.1161, 46.2198],
              [7.0832, 46.2049],
              [7.0449, 46.1899],
              [7.0335, 46.2002],
              [7.0261, 46.21],
              [7.0037, 46.2309],
              [6.9401, 46.3076],
              [6.9355, 46.3167],
              [6.931, 46.3343],
              [6.9203, 46.3402],
              [6.9069, 46.3422],
              [6.8945, 46.3481],
              [6.8908, 46.3555],
              [6.8919, 46.363],
              [6.8943, 46.3696],
              [6.8945, 46.3748],
              [6.8881, 46.3833],
              [6.8733, 46.3955],
              [6.8666, 46.4027],
              [6.8546, 46.3977],
              [6.807, 46.4042],
              [6.7881, 46.405],
              [6.7871, 46.4142],
              [6.7777, 46.4241],
              [6.7627, 46.4293],
              [6.6137, 46.4559],
              [6.547, 46.4574],
              [6.4829, 46.4486],
              [6.3977, 46.4082],
              [6.3652, 46.4024],
              [6.3324, 46.4014],
              [6.3016, 46.3945],
              [6.2691, 46.375],
              [6.2406, 46.349],
              [6.2195, 46.3291],
              [6.2141, 46.3155],
              [6.2166, 46.3095],
              [6.1742, 46.3],
              [6.1284, 46.3262],
              [6.1186, 46.3318]
            ],
            [
              [6.7727, 46.7189],
              [6.7794, 46.723],
              [6.7843, 46.7263],
              [6.7918, 46.7329],
              [6.7934, 46.7404],
              [6.7926, 46.7478],
              [6.7868, 46.7519],
              [6.7802, 46.7519],
              [6.7719, 46.7461],
              [6.7653, 46.7404],
              [6.7587, 46.7404],
              [6.7562, 46.7354],
              [6.7603, 46.7304],
              [6.7653, 46.7271],
              [6.7678, 46.7205],
              [6.7727, 46.7189]
            ],
            [
              [6.8629, 46.7271],
              [6.8703, 46.7296],
              [6.8778, 46.7346],
              [6.8852, 46.7445],
              [6.8885, 46.7519],
              [6.8835, 46.7594],
              [6.8753, 46.7627],
              [6.8687, 46.7643],
              [6.8653, 46.7693],
              [6.8596, 46.7734],
              [6.8546, 46.7709],
              [6.8505, 46.7668],
              [6.8439, 46.7602],
              [6.8381, 46.7569],
              [6.829, 46.7486],
              [6.8248, 46.742],
              [6.8141, 46.7387],
              [6.8066, 46.7362],
              [6.8009, 46.7329],
              [6.7975, 46.7304],
              [6.8, 46.7263],
              [6.8066, 46.7263],
              [6.8149, 46.7271],
              [6.8265, 46.7346],
              [6.8339, 46.7362],
              [6.8455, 46.7321],
              [6.8538, 46.7296],
              [6.8629, 46.7271]
            ]
          ],
          [
            [
              [7.0211, 46.9897],
              [7.0624, 46.9782],
              [7.0694, 46.9446],
              [7.0732, 46.9373],
              [7.0941, 46.9077],
              [7.0967, 46.9062],
              [7.1001, 46.9047],
              [7.1063, 46.9029],
              [7.1069, 46.9009],
              [7.1049, 46.8981],
              [7.0975, 46.8923],
              [7.0952, 46.8916],
              [7.0931, 46.8924],
              [7.0903, 46.8948],
              [7.0877, 46.8954],
              [7.0844, 46.895],
              [7.0807, 46.8917],
              [7.0774, 46.8872],
              [7.0749, 46.878],
              [7.0729, 46.873],
              [7.0703, 46.8688],
              [7.0675, 46.8658],
              [7.059, 46.8587],
              [7.0415, 46.8524],
              [7.0404, 46.8548],
              [7.0391, 46.8621],
              [7.0248, 46.8763],
              [7.0135, 46.8805],
              [7.0085, 46.8873],
              [6.9459, 46.9472],
              [7.0211, 46.9897]
            ]
          ]
        ]
      }
    },
    {
      "type": "Feature",
      "properties": { "code": "CH-NE", "name": "Neuchâtel", "country": "CH" },
      "geometry": {
        "type": "Polygon",
        "coordinates": [
          [
            [6.4431, 46.8515],
            [6.4468, 46.8577],
            [6.4484, 46.8716],
            [6.4452, 46.8826],
            [6.4319, 46.9],
            [6.4278, 46.9091],
            [6.4426, 46.9442],
            [6.4911, 46.9634],
            [6.5987, 46.9865],
            [6.6654, 47.0213],
            [6.6883, 47.0438],
            [6.6763, 47.0624],
            [6.6897, 47.0783],
            [6.6991, 47.0846],
            [6.7242, 47.0908],
            [6.7279, 47.0971],
            [6.7317, 47.0989],
            [6.746, 47.1039],
            [6.7448, 47.1211],
            [6.7748, 47.1282],
            [6.8381, 47.1681],
            [6.8498, 47.1651],
            [6.8705, 47.1574],
            [6.8818, 47.1471],
            [6.8878, 47.1383],
            [6.8902, 47.133],
            [6.8912, 47.1289],
            [6.8902, 47.1223],
            [6.8861, 47.1096],
            [6.8852, 47.1081],
            [6.8841, 47.1067],
            [6.8802, 47.1041],
            [6.8791, 47.1031],
            [6.8768, 47.096],
            [6.8773, 47.0897],
            [6.8798, 47.0898],
            [7.0322, 47.1221],
            [7.0391, 47.1234],
            [7.0398, 47.1096],
            [7.0536, 47.1072],
            [7.0825, 47.096],
            [7.0903, 47.0914],
            [7.0942, 47.087],
            [7.0941, 47.0853],
            [7.0927, 47.0843],
            [7.0902, 47.0831],
            [7.0886, 47.0823],
            [7.0876, 47.0812],
            [7.0879, 47.0796],
            [7.0886, 47.0779],
            [7.0896, 47.0763],
            [7.0905, 47.0737],
            [7.0922, 47.0659],
            [7.0924, 47.0633],
            [7.0924, 47.0605],
            [7.0919, 47.0587],
            [7.0911, 47.0566],
            [7.0896, 47.0546],
            [7.0866, 47.0535],
            [7.083, 47.0525],
            [7.0802, 47.0512],
            [7.0737, 47.0473],
            [7.0698, 47.0455],
            [7.0475, 47.039],
            [7.0438, 47.0359],
            [7.0407, 47.0313],
            [7.0353, 47.0148],
            [7.0306, 47.0077],
            [7.0211, 46.9897],
            [6.9459, 46.9472],
            [6.9074, 46.9255],
            [6.8751, 46.9072],
            [6.766, 46.8453],
            [6.7494, 46.8705],
            [6.7477, 46.8746],
            [6.7458, 46.881],
            [6.7464, 46.8905],
            [6.7457, 46.8962],
            [6.7427, 46.9013],
            [6.7345, 46.9058],
            [6.7291, 46.9109],
            [6.7264, 46.917],
            [6.7288, 46.9266],
            [6.7255, 46.939],
            [6.6665, 46.9146],
            [6.64, 46.8993],
            [6.6246, 46.8923],
            [6.5944, 46.8853],
            [6.5457, 46.8675],
            [6.5319, 46.8601],
            [6.5218, 46.8565],
            [6.5131, 46.8554],
            [6.4615, 46.8537],
            [6.4431, 46.8515]
          ]
        ]
      }
    },
    {
      "type": "Feature",
      "properties": { "code": "BE-BRU", "name": "Brussels", "country": "BE" },
      "geometry": {
        "type": "Polygon",
        "coordinates": [
          [
            [4.4797, 50.7954],
            [4.3984, 50.7678],
            [4.3772, 50.7646],
            [4.3553, 50.7671],
            [4.3276, 50.779],
            [4.3012, 50.8144],
            [4.283, 50.8084],
            [4.2456, 50.8216],
            [4.2575, 50.8369],
            [4.2828, 50.8396],
            [4.2892, 50.8564],
            [4.279, 50.8678],
            [4.2979, 50.8915],
            [4.3346, 50.9031],
            [4.3773, 50.8986],
            [4.4033, 50.9148],
            [4.4205, 50.9063],
            [4.4362, 50.8893],
            [4.4357, 50.8797],
            [4.42, 50.8695],
            [4.4602, 50.8532],
            [4.4761, 50.8215],
            [4.4549, 50.8198],
            [4.4465, 50.811],
            [4.4797, 50.7954]
          ]
        ]
      }
    },
    {
      "type": "Feature",
      "properties": { "code": "BE-VBR", "name": "Flemish Brabant", "country": "BE" },
      "geometry": {
        "type": "Polygon",
        "coordinates": [
          [
            [4.0997, 50.7071],
            [4.0727, 50.7129],
            [4.0585, 50.696],
            [4.0515, 50.7028],
            [4.028, 50.695],
            [4.009, 50.699],
            [3.9888, 50.6887],
            [3.9282, 50.6898],
            [3.9069, 50.6947],
            [3.8928, 50.7064],
            [3.888, 50.7176],
            [3.895, 50.7342],
            [3.9183, 50.7288],
            [3.9506, 50.7341],
            [3.952, 50.7395],
            [3.9312, 50.7576],
            [3.944, 50.7754],
            [3.9563, 50.7798],
            [3.9822, 50.7668],
            [3.9993, 50.7805],
            [4.0133, 50.7721],
            [4.0304, 50.7765],
            [4.0604, 50.7926],
            [4.0749, 50.8207],
            [4.066, 50.8354],
            [4.0404, 50.8384],
            [4.0871, 50.8814],
            [4.0881, 50.8919],
            [4.0736, 50.9],
            [4.1001, 50.9125],
            [4.0913, 50.9318],
            [4.137, 50.9196],
            [4.1602, 50.9299],
            [4.1607, 50.9427],
            [4.1465, 50.9706],
            [4.1617, 50.9906],
            [4.1941, 50.9835],
            [4.2171, 50.9901],
            [4.2403, 51.0381],
            [4.2746, 51.0437],
            [4.2989, 51.041],
            [4.3482, 51.027],
            [4.3414, 51.0199],
            [4.3479, 51.0179],
            [4.3791, 51.0311],
            [4.3695, 51.0159],
            [4.3882, 51.0123],
            [4.3931, 50.9975],
            [4.4538, 51.0068],
            [4.4761, 50.9924],
            [4.4943, 51.0097],
            [4.528, 50.9934],
            [4.5462, 51.0041],
            [4.578, 50.9923],
            [4.5934, 50.9921],
            [4.6065, 51.0125],
            [4.6794, 51.0248],
            [4.7063, 51.0156],
            [4.6949, 50.9998],
            [4.7339, 51.0274],
            [4.756, 51.0244],
            [4.7887, 51.0401],
            [4.8057, 51.0165],
            [4.8185, 51.0111],
            [4.8706, 51.0247],
            [4.8828, 51.0209],
            [4.9097, 51.0359],
            [4.9483, 51.0457],
            [4.9671, 51.0465],
            [4.9809, 51.036],
            [5.0063, 51.0404],
            [5.0225, 51.0207],
            [5.0425, 51.0256],
            [5.0632, 51.0175],
            [5.081, 51.0245],
            [5.0809, 51.0495],
            [5.1089, 51.0519],
            [5.1312, 51.0455],
            [5.1583, 51.0235],
            [5.1329, 51.017],
            [5.1278, 51.0249],
            [5.118, 51.0233],
            [5.1244, 50.9998],
            [5.0826, 50.9877],
            [5.0817, 50.9656],
            [5.0415, 50.9431],
            [5.0547, 50.9212],
            [5.0612, 50.918],
            [5.0778, 50.9226],
            [5.0946, 50.911],
            [5.1332, 50.9225],
            [5.1366, 50.9146],
            [5.1717, 50.9143],
            [5.1862, 50.9063],
            [5.1775, 50.8786],
            [5.1727, 50.8754],
            [5.1532, 50.8796],
            [5.1365, 50.8503],
            [5.1295, 50.8166],
            [5.1516, 50.8116],
            [5.1064, 50.782],
            [5.1146, 50.7636],
            [5.1011, 50.7433],
            [5.1204, 50.736],
            [5.1011, 50.7098],
            [5.0747, 50.7069],
            [5.0595, 50.7116],
            [5.043, 50.7251],
            [5.0435, 50.7428],
            [5.0191, 50.7519],
            [4.9814, 50.7709],
            [4.9323, 50.7463],
            [4.9172, 50.7448],
            [4.9045, 50.7516],
            [4.908, 50.7696],
            [4.8326, 50.7646],
            [4.8369, 50.7755],
            [4.8129, 50.7769],
            [4.7915, 50.7995],
            [4.7496, 50.8087],
            [4.7229, 50.8026],
            [4.7142, 50.7898],
            [4.7102, 50.7973],
            [4.6927, 50.791],
            [4.6405, 50.7996],
            [4.6363, 50.774],
            [4.6546, 50.7584],
            [4.6352, 50.7441],
            [4.6018, 50.743],
            [4.5966, 50.7647],
            [4.5729, 50.7484],
            [4.5292, 50.7418],
            [4.5269, 50.7294],
            [4.4951, 50.7411],
            [4.4902, 50.7461],
            [4.4945, 50.7576],
            [4.48, 50.759],
            [4.458, 50.7546],
            [4.4217, 50.7366],
            [4.3737, 50.7318],
            [4.3679, 50.7167],
            [4.349, 50.7176],
            [4.3299, 50.7343],
            [4.3226, 50.729],
            [4.3332, 50.719],
            [4.3114, 50.7188],
            [4.3088, 50.7036],
            [4.3018, 50.6983],
            [4.2872, 50.6952],
            [4.2596, 50.7011],
            [4.24, 50.692],
            [4.2074, 50.7091],
            [4.1803, 50.7087],
            [4.1586, 50.7278],
            [4.149, 50.7304],
            [4.1391, 50.7279],
            [4.1318, 50.7169],
            [4.1075, 50.7172],
            [4.0997, 50.7071]
          ],
          [
            [4.4797, 50.7954],
            [4.4465, 50.811],
            [4.4549, 50.8198],
            [4.4761, 50.8215],
            [4.4602, 50.8532],
            [4.42, 50.8695],
            [4.4357, 50.8797],
            [4.4362, 50.8893],
            [4.4205, 50.9063],
            [4.4033, 50.9148],
            [4.3773, 50.8986],
            [4.3346, 50.9031],
            [4.2979, 50.8915],
            [4.279, 50.8678],
            [4.2892, 50.8564],
            [4.2828, 50.8396],
            [4.2575, 50.8369],
            [4.2456, 50.8216],
            [4.283, 50.8084],
            [4.3012, 50.8144],
            [4.3276, 50.779],
            [4.3553, 50.7671],
            [4.3772, 50.7646],
            [4.3984, 50.7678],
            [4.4797, 50.7954]
          ]
        ]
      }
    },
    {
      "type": "Feature",
      "properties": { "code": "BE-WBR", "name": "Walloon Brabant", "country": "BE" },
      "geometry": {
        "type": "Polygon",
        "coordinates": [
          [
            [4.0997, 50.7071],
            [4.1075, 50.7172],
            [4.1318, 50.7169],
            [4.1391, 50.7279],
            [4.149, 50.7304],
            [4.1586, 50.7278],
            [4.1803, 50.7087],
            [4.2074, 50.7091],
            [4.24, 50.692],
            [4.2596, 50.7011],
            [4.2872, 50.6952],
            [4.3018, 50.6983],
            [4.3088, 50.7036],
            [4.3114, 50.7188],
            [4.3332, 50.719],
            [4.3226, 50.729],
            [4.3299, 50.7343],
            [4.349, 50.7176],
            [4.3679, 50.7167],
            [4.3737, 50.7318],
            [4.4217, 50.7366],
            [4.458, 50.7546],
            [4.48, 50.759],
            [4.4945, 50.7576],
            [4.4902, 50.7461],
            [4.4951, 50.7411],
            [4.5269, 50.7294],
            [4.5292, 50.7418],
            [4.5729, 50.7484],
            [4.5966, 50.7647],
            [4.6018, 50.743],
            [4.6352, 50.7441],
            [4.6546, 50.7584],
            [4.6363, 50.774],
            [4.6405, 50.7996],
            [4.6927, 50.791],
            [4.7102, 50.7973],
            [4.7142, 50.7898],
            [4.7229, 50.8026],
            [4.7496, 50.8087],
            [4.7915, 50.7995],
            [4.8129, 50.7769],
            [4.8369, 50.7755],
            [4.8326, 50.7646],
            [4.908, 50.7696],
            [4.9045, 50.7516],
            [4.9172, 50.7448],
            [4.9323, 50.7463],
            [4.9814, 50.7709],
            [5.0191, 50.7519],
            [5.0158, 50.7335],
            [4.992, 50.7253],
            [5.0166, 50.703],
            [5.0008, 50.6958],
            [5.0018, 50.6662],
            [4.9826, 50.6434],
            [4.9508, 50.648],
            [4.9279, 50.6284],
            [4.9014, 50.6298],
            [4.9004, 50.6237],
            [4.7932, 50.6057],
            [4.7881, 50.6026],
            [4.7919, 50.591],
            [4.7807, 50.6016],
            [4.7405, 50.5916],
            [4.7341, 50.6117],
            [4.7083, 50.6071],
            [4.7037, 50.5961],
            [4.6758, 50.6085],
            [4.6661, 50.6085],
            [4.655, 50.5966],
            [4.6666, 50.5654],
            [4.6442, 50.5622],
            [4.6078, 50.5705],
            [4.5901, 50.5689],
            [4.5732, 50.5604],
            [4.5768, 50.5434],
            [4.5166, 50.5272],
            [4.5019, 50.5314],
            [4.5031, 50.5407],
            [4.4701, 50.5297],
            [4.4729, 50.5544],
            [4.4681, 50.5596],
            [4.423, 50.5593],
            [4.4125, 50.5663],
            [4.3558, 50.5624],
            [4.3308, 50.5446],
            [4.3336, 50.57],
            [4.3041, 50.5681],
            [4.2789, 50.593],
            [4.2465, 50.5973],
            [4.252, 50.6182],
            [4.1986, 50.6268],
            [4.2037, 50.6477],
            [4.1843, 50.6639],
            [4.1733, 50.6611],
            [4.1418, 50.6336],
            [4.1186, 50.6313],
            [4.1011, 50.636],
            [4.0914, 50.6537],
            [4.0902, 50.6906],
            [4.0942, 50.7035],
            [4.1124, 50.7069],
            [4.0997, 50.7071]
          ]
        ]
      }
    },
    {
      "type": "Feature",
      "properties": { "code": "CH-BE", "name": "Bern", "country": "CH" },
      "geometry": {
        "type": "MultiPolygon",
        "coordinates": [
          [
            [
              [7.5545, 47.344],
              [7.5621, 47.3426],
              [7.5647, 47.3406],
              [7.5675, 47.3378],
              [7.5692, 47.3337],
              [7.57, 47.3293],
              [7.5689, 47.324],
              [7.5675, 47.3211],
              [7.559, 47.3207],
              [7.5402, 47.3223],
              [7.5366, 47.3239],
              [7.5358, 47.3271],
              [7.5382, 47.3337],
              [7.5545, 47.344]
            ]
          ],
          [
            [
              [8.4462, 46.7692],
              [8.4377, 46.7554],
              [8.4366, 46.7506],
              [8.4376, 46.7414],
              [8.4407, 46.7353],
              [8.4462, 46.7273],
              [8.4479, 46.7234],
              [8.4482, 46.7178],
              [8.45, 46.7138],
              [8.4507, 46.7097],
              [8.4506, 46.7054],
              [8.4495, 46.6993],
              [8.4481, 46.6948],
              [8.4447, 46.6911],
              [8.4374, 46.6898],
              [8.4294, 46.6901],
              [8.4129, 46.6931],
              [8.4065, 46.6925],
              [8.4017, 46.6887],
              [8.402, 46.6768],
              [8.4063, 46.6686],
              [8.4094, 46.6557],
              [8.3986, 46.6545],
              [8.3795, 46.6381],
              [8.3736, 46.6297],
              [8.3695, 46.6218],
              [8.3635, 46.6061],
              [8.3584, 46.5842],
              [8.3542, 46.5785],
              [8.3491, 46.5735],
              [8.3387, 46.5663],
              [8.323, 46.5593],
              [8.3124, 46.553],
              [8.2664, 46.5352],
              [8.2425, 46.5293],
              [8.1903, 46.5219],
              [8.1844, 46.5218],
              [8.1793, 46.5228],
              [8.1761, 46.5246],
              [8.1751, 46.5278],
              [8.1751, 46.5303],
              [8.1748, 46.5322],
              [8.1734, 46.5328],
              [8.1467, 46.5348],
              [8.1227, 46.5421],
              [8.1142, 46.5472],
              [8.0288, 46.5584],
              [8.0031, 46.5574],
              [7.9704, 46.5435],
              [7.967, 46.5414],
              [7.9652, 46.5399],
              [7.965, 46.5386],
              [7.9666, 46.5364],
              [7.9692, 46.5335],
              [7.9714, 46.5302],
              [7.9728, 46.5268],
              [7.9729, 46.5236],
              [7.9692, 46.5186],
              [7.9661, 46.5157],
              [7.9385, 46.5035],
              [7.9019, 46.4856],
              [7.8808, 46.48],
              [7.8717, 46.4789],
              [7.8566, 46.4788],
              [7.8449, 46.4813],
              [7.7231, 46.4202],
              [7.7113, 46.4194],
              [7.6452, 46.4414],
              [7.6244, 46.4434],
              [7.6196, 46.4416],
              [7.6165, 46.4397],
              [7.615, 46.4368],
              [7.6137, 46.433],
              [7.6116, 46.4309],
              [7.6009, 46.425],
              [7.5978, 46.4226],
              [7.5639, 46.4155],
              [7.541, 46.4056],
              [7.5469, 46.4003],
              [7.5599, 46.3952],
              [7.5453, 46.3862],
              [7.5096, 46.3757],
              [7.5009, 46.3741],
              [7.4947, 46.374],
              [7.4888, 46.3751],
              [7.4862, 46.3761],
              [7.4623, 46.381],
              [7.4186, 46.3807],
              [7.4042, 46.3786],
              [7.4019, 46.3776],
              [7.3997, 46.3762],
              [7.3901, 46.3682],
              [7.3673, 46.3572],
              [7.3296, 46.3485],
              [7.3237, 46.3506],
              [7.3177, 46.3519],
              [7.3166, 46.3542],
              [7.3167, 46.3574],
              [7.3177, 46.3623],
              [7.3171, 46.3694],
              [7.3143, 46.3716],
              [7.3083, 46.3716],
              [7.2759, 46.364],
              [7.2725, 46.3626],
              [7.2711, 46.3612],
              [7.2706, 46.3583],
              [7.2703, 46.3547],
              [7.2626, 46.3457],
              [7.2278, 46.3314],
              [7.2267, 46.3516],
              [7.2287, 46.3552],
              [7.2335, 46.3607],
              [7.2332, 46.3641],
              [7.2306, 46.3669],
              [7.2246, 46.3691],
              [7.2101, 46.3793],
              [7.2004, 46.3847],
              [7.2117, 46.4092],
              [7.2115, 46.4145],
              [7.2095, 46.4225],
              [7.2063, 46.4286],
              [7.2032, 46.4372],
              [7.2061, 46.4406],
              [7.2224, 46.4474],
              [7.2315, 46.4558],
              [7.2351, 46.4626],
              [7.2357, 46.4688],
              [7.2334, 46.4823],
              [7.234, 46.486],
              [7.2368, 46.4899],
              [7.2421, 46.4947],
              [7.2495, 46.5047],
              [7.2526, 46.5127],
              [7.2539, 46.5208],
              [7.2537, 46.5273],
              [7.2543, 46.5343],
              [7.2539, 46.5386],
              [7.2521, 46.5417],
              [7.2492, 46.5447],
              [7.2469, 46.5475],
              [7.2425, 46.5561],
              [7.283, 46.5808],
              [7.3006, 46.5818],
              [7.3103, 46.5821],
              [7.3146, 46.5834],
              [7.3191, 46.5876],
              [7.3214, 46.5963],
              [7.3234, 46.6103],
              [7.3197, 46.6396],
              [7.3307, 46.6483],
              [7.335, 46.6506],
              [7.3495, 46.6484],
              [7.3581, 46.6461],
              [7.3656, 46.6457],
              [7.3745, 46.6521],
              [7.378, 46.6556],
              [7.3762, 46.6593],
              [7.38, 46.6841],
              [7.3827, 46.6908],
              [7.3811, 46.6926],
              [7.3768, 46.6947],
              [7.3729, 46.6959],
              [7.3703, 46.6973],
              [7.3681, 46.6995],
              [7.3653, 46.7012],
              [7.362, 46.7017],
              [7.3578, 46.7014],
              [7.3541, 46.7023],
              [7.351, 46.7042],
              [7.3468, 46.7093],
              [7.3381, 46.714],
              [7.3333, 46.7161],
              [7.316, 46.7207],
              [7.3127, 46.7227],
              [7.3105, 46.7259],
              [7.3066, 46.7335],
              [7.3044, 46.7482],
              [7.3051, 46.7744],
              [7.3074, 46.7902],
              [7.3191, 46.8233],
              [7.3195, 46.838],
              [7.3169, 46.8483],
              [7.3138, 46.8529],
              [7.3149, 46.8559],
              [7.3222, 46.8601],
              [7.3281, 46.8594],
              [7.3299, 46.8585],
              [7.3295, 46.8559],
              [7.331, 46.8546],
              [7.3344, 46.8531],
              [7.3405, 46.8531],
              [7.3462, 46.8552],
              [7.3557, 46.8606],
              [7.3605, 46.8688],
              [7.3557, 46.8912],
              [7.2758, 46.8962],
              [7.2244, 46.9063],
              [7.214, 46.9049],
              [7.2094, 46.9049],
              [7.2059, 46.9062],
              [7.2053, 46.9087],
              [7.2123, 46.9188],
              [7.2149, 46.9246],
              [7.216, 46.9296],
              [7.2135, 46.9402],
              [7.2129, 46.9466],
              [7.2118, 46.951],
              [7.2095, 46.9548],
              [7.2039, 46.9613],
              [7.2036, 46.9641],
              [7.2056, 46.9657],
              [7.2185, 46.9701],
              [7.2239, 46.9731],
              [7.2343, 46.9819],
              [7.2365, 46.9856],
              [7.23, 46.9921],
              [7.2289, 46.998],
              [7.2287, 46.9988],
              [7.228, 47.0001],
              [7.2252, 47.0025],
              [7.2159, 47.0042],
              [7.1926, 46.9974],
              [7.1427, 46.9837],
              [7.0624, 46.9782],
              [7.0211, 46.9897],
              [7.0306, 47.0077],
              [7.0353, 47.0148],
              [7.0407, 47.0313],
              [7.0438, 47.0359],
              [7.0475, 47.039],
              [7.0698, 47.0455],
              [7.0737, 47.0473],
              [7.0802, 47.0512],
              [7.083, 47.0525],
              [7.0866, 47.0535],
              [7.0896, 47.0546],
              [7.0911, 47.0566],
              [7.0919, 47.0587],
              [7.0924, 47.0605],
              [7.0924, 47.0633],
              [7.0922, 47.0659],
              [7.0905, 47.0737],
              [7.0896, 47.0763],
              [7.0886, 47.0779],
              [7.0879, 47.0796],
              [7.0876, 47.0812],
              [7.0886, 47.0823],
              [7.0902, 47.0831],
              [7.0927, 47.0843],
              [7.0941, 47.0853],
              [7.0942, 47.087],
              [7.0903, 47.0914],
              [7.0825, 47.096],
              [7.0536, 47.1072],
              [7.0398, 47.1096],
              [7.0391, 47.1234],
              [7.0322, 47.1221],
              [6.8798, 47.0898],
              [6.8773, 47.0897],
              [6.8768, 47.096],
              [6.8791, 47.1031],
              [6.8802, 47.1041],
              [6.8841, 47.1067],
              [6.8852, 47.1081],
              [6.8861, 47.1096],
              [6.8902, 47.1223],
              [6.8912, 47.1289],
              [6.8902, 47.133],
              [6.8878, 47.1383],
              [6.8818, 47.1471],
              [6.8705, 47.1574],
              [6.8498, 47.1651],
              [6.8773, 47.1637],
              [6.8864, 47.1585],
              [6.8898, 47.1558],
              [6.894, 47.1543],
              [6.9018, 47.1557],
              [6.9129, 47.1602],
              [6.9488, 47.1791],
              [6.9604, 47.1835],
              [6.9831, 47.1829],
              [6.9935, 47.1844],
              [7.0044, 47.1918],
              [7.0137, 47.1964],
              [7.0296, 47.2021],
              [7.0402, 47.2094],
              [7.0474, 47.216],
              [7.0522, 47.2225],
              [7.0594, 47.2299],
              [7.061, 47.2323],
              [7.0619, 47.234],
              [7.0638, 47.2396],
              [7.0678, 47.2423],
              [7.0743, 47.2432],
              [7.1055, 47.2412],
              [7.1547, 47.2475],
              [7.1599, 47.251],
              [7.1578, 47.2551],
              [7.156, 47.2622],
              [7.1558, 47.2654],
              [7.1563, 47.2677],
              [7.1581, 47.2708],
              [7.1682, 47.2758],
              [7.1723, 47.2788],
              [7.1741, 47.2825],
              [7.1724, 47.2869],
              [7.1749, 47.2971],
              [7.2592, 47.2855],
              [7.2782, 47.2863],
              [7.2936, 47.2885],
              [7.3192, 47.2947],
              [7.3307, 47.2996],
              [7.3384, 47.3039],
              [7.3426, 47.3068],
              [7.3473, 47.3091],
              [7.3553, 47.3114],
              [7.3609, 47.3151],
              [7.3646, 47.3186],
              [7.3667, 47.323],
              [7.369, 47.3247],
              [7.3718, 47.324],
              [7.3754, 47.3191],
              [7.3774, 47.3154],
              [7.3872, 47.3126],
              [7.4966, 47.3066],
              [7.5563, 47.3182],
              [7.5487, 47.3028],
              [7.5428, 47.298],
              [7.5335, 47.2936],
              [7.5008, 47.2864],
              [7.4938, 47.2835],
              [7.4853, 47.2789],
              [7.4739, 47.2703],
              [7.4646, 47.2649],
              [7.4423, 47.2588],
              [7.4211, 47.2465],
              [7.4238, 47.2395],
              [7.3488, 47.2166],
              [7.3462, 47.2118],
              [7.3513, 47.2036],
              [7.3549, 47.2],
              [7.3577, 47.1942],
              [7.3608, 47.1915],
              [7.3656, 47.1896],
              [7.3766, 47.1868],
              [7.3814, 47.1844],
              [7.3839, 47.1813],
              [7.3907, 47.1697],
              [7.3914, 47.1667],
              [7.3907, 47.1645],
              [7.3903, 47.1624],
              [7.3926, 47.1613],
              [7.3988, 47.1602],
              [7.4092, 47.1615],
              [7.4173, 47.1645],
              [7.4251, 47.1712],
              [7.434, 47.1768],
              [7.4395, 47.1811],
              [7.4477, 47.1825],
              [7.4551, 47.1869],
              [7.4604, 47.1888],
              [7.4759, 47.1909],
              [7.4782, 47.1781],
              [7.4796, 47.1733],
              [7.4829, 47.1707],
              [7.4876, 47.1681],
              [7.491, 47.1646],
              [7.4876, 47.1593],
              [7.4767, 47.1541],
              [7.4697, 47.153],
              [7.4637, 47.1541],
              [7.4589, 47.156],
              [7.4554, 47.156],
              [7.4444, 47.1498],
              [7.4382, 47.1434],
              [7.4364, 47.1386],
              [7.4384, 47.1291],
              [7.4376, 47.1243],
              [7.43, 47.1212],
              [7.4123, 47.118],
              [7.4076, 47.1176],
              [7.3974, 47.1195],
              [7.3911, 47.1193],
              [7.3797, 47.1207],
              [7.3765, 47.1199],
              [7.3749, 47.1156],
              [7.376, 47.1124],
              [7.3788, 47.1085],
              [7.3822, 47.1049],
              [7.3883, 47.0962],
              [7.394, 47.0929],
              [7.3976, 47.0918],
              [7.4261, 47.0974],
              [7.4345, 47.0984],
              [7.4368, 47.098],
              [7.4376, 47.0889],
              [7.4463, 47.0754],
              [7.4647, 47.0797],
              [7.4711, 47.0824],
              [7.4747, 47.0858],
              [7.4754, 47.0915],
              [7.4739, 47.0962],
              [7.4688, 47.1051],
              [7.4686, 47.1094],
              [7.472, 47.1123],
              [7.4987, 47.1207],
              [7.5132, 47.1296],
              [7.5394, 47.1557],
              [7.5534, 47.165],
              [7.5645, 47.1662],
              [7.5914, 47.1535],
              [7.6374, 47.1525],
              [7.6435, 47.1532],
              [7.6539, 47.1605],
              [7.6601, 47.1669],
              [7.6694, 47.1703],
              [7.6727, 47.1724],
              [7.6753, 47.1757],
              [7.6769, 47.1788],
              [7.6752, 47.1845],
              [7.6701, 47.1926],
              [7.6558, 47.2102],
              [7.6398, 47.2263],
              [7.6215, 47.2319],
              [7.6029, 47.2472],
              [7.6021, 47.2549],
              [7.599, 47.2621],
              [7.5978, 47.2659],
              [7.5834, 47.2776],
              [7.6502, 47.2832],
              [7.6863, 47.2942],
              [7.7202, 47.2666],
              [7.7318, 47.2615],
              [7.7594, 47.2606],
              [7.7788, 47.2655],
              [7.7883, 47.2632],
              [7.8229, 47.269],
              [7.8254, 47.2495],
              [7.8263, 47.247],
              [7.8393, 47.2318],
              [7.8652, 47.1913],
              [7.8697, 47.1855],
              [7.8751, 47.1767],
              [7.8783, 47.1688],
              [7.8785, 47.1586],
              [7.8871, 47.1283],
              [7.8791, 47.1185],
              [7.876, 47.1118],
              [7.8741, 47.1014],
              [7.8741, 47.0816],
              [7.871, 47.0613],
              [7.871, 47.0551],
              [7.8733, 47.0481],
              [7.8819, 47.0402],
              [7.8889, 47.032],
              [7.894, 47.0276],
              [7.8975, 47.0115],
              [7.9239, 47.0098],
              [7.9311, 47.0058],
              [7.9525, 47.0027],
              [7.946, 46.9796],
              [7.9432, 46.9753],
              [7.9398, 46.9663],
              [7.9374, 46.9635],
              [7.934, 46.9603],
              [7.9322, 46.9575],
              [7.9311, 46.9513],
              [7.93, 46.9482],
              [7.9281, 46.9462],
              [7.9228, 46.9435],
              [7.9213, 46.9415],
              [7.9191, 46.9377],
              [7.916, 46.934],
              [7.9112, 46.9316],
              [7.9061, 46.931],
              [7.898, 46.9323],
              [7.8955, 46.9319],
              [7.8881, 46.9286],
              [7.8794, 46.9262],
              [7.8757, 46.9244],
              [7.874, 46.9201],
              [7.8738, 46.9142],
              [7.876, 46.902],
              [7.8752, 46.8948],
              [7.8719, 46.889],
              [7.8626, 46.8826],
              [7.8609, 46.8779],
              [7.87, 46.8581],
              [7.8705, 46.8503],
              [7.8861, 46.8387],
              [7.9522, 46.8024],
              [7.9639, 46.7899],
              [7.9771, 46.7788],
              [7.9833, 46.7777],
              [7.9911, 46.7787],
              [8.006, 46.7844],
              [8.0234, 46.7893],
              [8.0437, 46.7883],
              [8.0754, 46.7872],
              [8.0946, 46.7843],
              [8.1284, 46.769],
              [8.1387, 46.7642],
              [8.1506, 46.7605],
              [8.1581, 46.759],
              [8.1634, 46.7597],
              [8.1869, 46.766],
              [8.1987, 46.7676],
              [8.251, 46.7632],
              [8.2703, 46.759],
              [8.28, 46.7588],
              [8.2909, 46.7617],
              [8.3244, 46.7777],
              [8.3682, 46.7895],
              [8.3916, 46.7751],
              [8.4011, 46.7697],
              [8.4079, 46.7722],
              [8.4212, 46.7741],
              [8.4263, 46.7741],
              [8.4462, 46.7692]
            ],
            [
              [7.2311, 46.9335],
              [7.2342, 46.9344],
              [7.2365, 46.9363],
              [7.2377, 46.9377],
              [7.2374, 46.9412],
              [7.2225, 46.9383],
              [7.2259, 46.9332],
              [7.2289, 46.9337],
              [7.2311, 46.9335]
            ]
          ]
        ]
      }
    },
    {
      "type": "Feature",
      "properties": { "code": "CH-LU", "name": "Lucerne", "country": "CH" },
      "geometry": {
        "type": "Polygon",
        "coordinates": [
          [
            [8.4056, 47.1423],
            [8.418, 47.1286],
            [8.4265, 47.1272],
            [8.431, 47.1257],
            [8.4352, 47.125],
            [8.4366, 47.1241],
            [8.4424, 47.1133],
            [8.4116, 47.1006],
            [8.4062, 47.097],
            [8.4031, 47.0934],
            [8.402, 47.0896],
            [8.4017, 47.0844],
            [8.4001, 47.0807],
            [8.3967, 47.0774],
            [8.3877, 47.0709],
            [8.3863, 47.0677],
            [8.3879, 47.0622],
            [8.3933, 47.0572],
            [8.4043, 47.0531],
            [8.4197, 47.058],
            [8.4597, 47.0508],
            [8.4981, 47.0266],
            [8.5018, 47.023],
            [8.505, 47.0181],
            [8.5015, 47.0104],
            [8.4982, 47.0053],
            [8.4651, 46.9933],
            [8.4599, 47.0003],
            [8.4461, 47.0093],
            [8.4319, 47.0113],
            [8.4231, 47.0054],
            [8.4222, 47.0007],
            [8.4122, 46.9986],
            [8.3792, 46.999],
            [8.3778, 47.0],
            [8.3773, 47.0009],
            [8.3768, 47.0033],
            [8.366, 47.0077],
            [8.3506, 47.0024],
            [8.3291, 46.9973],
            [8.3166, 46.999],
            [8.305, 46.9993],
            [8.2924, 46.9978],
            [8.2681, 46.9979],
            [8.251, 46.9955],
            [8.2318, 46.9909],
            [8.2262, 46.9883],
            [8.2229, 46.9832],
            [8.2223, 46.9793],
            [8.2271, 46.9716],
            [8.1716, 46.968],
            [8.1548, 46.9604],
            [8.1526, 46.9578],
            [8.1564, 46.9489],
            [8.1575, 46.9439],
            [8.1559, 46.939],
            [8.1357, 46.9261],
            [8.1118, 46.9054],
            [8.1075, 46.9045],
            [8.1052, 46.9055],
            [8.1038, 46.9079],
            [8.1019, 46.909],
            [8.0987, 46.9094],
            [8.093, 46.9092],
            [8.0882, 46.9079],
            [8.084, 46.9055],
            [8.0767, 46.8982],
            [8.0735, 46.8934],
            [8.0698, 46.8861],
            [8.0662, 46.8718],
            [8.0488, 46.8445],
            [8.0465, 46.8393],
            [8.0498, 46.8289],
            [8.0547, 46.8217],
            [8.06, 46.8061],
            [8.0437, 46.7883],
            [8.0234, 46.7893],
            [8.006, 46.7844],
            [7.9911, 46.7787],
            [7.9833, 46.7777],
            [7.9771, 46.7788],
            [7.9639, 46.7899],
            [7.9522, 46.8024],
            [7.8861, 46.8387],
            [7.8705, 46.8503],
            [7.87, 46.8581],
            [7.8609, 46.8779],
            [7.8626, 46.8826],
            [7.8719, 46.889],
            [7.8752, 46.8948],
            [7.876, 46.902],
            [7.8738, 46.9142],
            [7.874, 46.9201],
            [7.8757, 46.9244],
            [7.8794, 46.9262],
            [7.8881, 46.9286],
            [7.8955, 46.9319],
            [7.898, 46.9323],
            [7.9061, 46.931],
            [7.9112, 46.9316],
            [7.916, 46.934],
            [7.9191, 46.9377],
            [7.9213, 46.9415],
            [7.9228, 46.9435],
            [7.9281, 46.9462],
            [7.93, 46.9482],
            [7.9311, 46.9513],
            [7.9322, 46.9575],
            [7.934, 46.9603],
            [7.9374, 46.9635],
            [7.9398, 46.9663],
            [7.9432, 46.9753],
            [7.946, 46.9796],
            [7.9525, 47.0027],
            [7.9311, 47.0058],
            [7.9239, 47.0098],
            [7.8975, 47.0115],
            [7.894, 47.0276],
            [7.8889, 47.032],
            [7.8819, 47.0402],
            [7.8733, 47.0481],
            [7.871, 47.0551],
            [7.871, 47.0613],
            [7.8741, 47.0816],
            [7.8741, 47.1014],
            [7.876, 47.1118],
            [7.8791, 47.1185],
            [7.8871, 47.1283],
            [7.8785, 47.1586],
            [7.8783, 47.1688],
            [7.8751, 47.1767],
            [7.8697, 47.1855],
            [7.8652, 47.1913],
            [7.8393, 47.2318],
            [7.9005, 47.2403],
            [7.9233, 47.2403],
            [7.9487, 47.2466],
            [7.9526, 47.2486],
            [7.9542, 47.2498],
            [7.9548, 47.2508],
            [7.9556, 47.2528],
            [7.956, 47.2562],
            [7.9549, 47.2647],
            [7.9548, 47.2727],
            [7.9556, 47.2754],
            [7.9571, 47.2766],
            [7.9613, 47.2771],
            [7.9827, 47.2774],
            [7.9981, 47.273],
            [8.0204, 47.243],
            [8.0893, 47.2612],
            [8.1042, 47.2506],
            [8.1242, 47.2461],
            [8.1514, 47.2454],
            [8.1604, 47.2429],
            [8.1632, 47.2413],
            [8.1559, 47.2393],
            [8.1545, 47.2383],
            [8.1545, 47.2369],
            [8.1562, 47.2349],
            [8.1575, 47.2316],
            [8.1593, 47.2299],
            [8.163, 47.2275],
            [8.1677, 47.2253],
            [8.1745, 47.2232],
            [8.1835, 47.2239],
            [8.1998, 47.2321],
            [8.2225, 47.2596],
            [8.227, 47.2678],
            [8.2437, 47.2811],
            [8.2606, 47.2823],
            [8.2771, 47.2776],
            [8.283, 47.2738],
            [8.2886, 47.2681],
            [8.2917, 47.2583],
            [8.2959, 47.2498],
            [8.3035, 47.2384],
            [8.3368, 47.1733],
            [8.3404, 47.1685],
            [8.3514, 47.1568],
            [8.3587, 47.1506],
            [8.3641, 47.1472],
            [8.3765, 47.1431],
            [8.4048, 47.1423],
            [8.4056, 47.1423]
          ]
        ]
      }
    },
    {
      "type": "Feature",
      "properties": { "code": "CH-ZG", "name": "Zug", "country": "CH" },
      "geometry": {
        "type": "Polygon",
        "coordinates": [
          [
            [8.4424, 47.1133],
            [8.4366, 47.1241],
            [8.4352, 47.125],
            [8.431, 47.1257],
            [8.4265, 47.1272],
            [8.418, 47.1286],
            [8.4056, 47.1423],
            [8.3981, 47.1774],
            [8.393, 47.2195],
            [8.3938, 47.2257],
            [8.3944, 47.2284],
            [8.4074, 47.2455],
            [8.4121, 47.2349],
            [8.4133, 47.2307],
            [8.416, 47.2266],
            [8.4226, 47.2237],
            [8.4624, 47.2148],
            [8.4741, 47.2134],
            [8.4845, 47.2135],
            [8.5032, 47.218],
            [8.5316, 47.2218],
            [8.5708, 47.2173],
            [8.5893, 47.2035],
            [8.6062, 47.1935],
            [8.6177, 47.184],
            [8.6202, 47.1803],
            [8.6242, 47.1761],
            [8.6316, 47.1722],
            [8.6612, 47.1634],
            [8.6835, 47.1654],
            [8.7019, 47.1567],
            [8.6841, 47.1437],
            [8.6765, 47.129],
            [8.6485, 47.1059],
            [8.6375, 47.1002],
            [8.6241, 47.0964],
            [8.6106, 47.0946],
            [8.5877, 47.089],
            [8.5758, 47.0872],
            [8.5671, 47.0874],
            [8.5589, 47.0928],
            [8.5547, 47.0949],
            [8.5493, 47.0957],
            [8.4978, 47.0926],
            [8.4803, 47.1195],
            [8.47, 47.1201],
            [8.4628, 47.122],
            [8.4527, 47.1186],
            [8.4424, 47.1133]
          ]
        ]
      }
    },
    {
      "type": "Feature",
      "properties": { "code": "CH-UR", "name": "Uri", "country": "CH" },
      "geometry": {
        "type": "Polygon",
        "coordinates": [
          [
            [8.591, 46.9892],
            [8.5949, 46.9881],
            [8.5998, 46.9861],
            [8.6014, 46.9825],
            [8.6051, 46.9685],
            [8.6092, 46.9596],
            [8.6166, 46.9554],
            [8.6223, 46.9536],
            [8.6312, 46.9522],
            [8.6523, 46.9468],
            [8.6596, 46.9461],
            [8.6824, 46.9472],
            [8.6874, 46.9456],
            [8.6903, 46.9428],
            [8.6951, 46.9318],
            [8.7024, 46.9244],
            [8.7083, 46.923],
            [8.715, 46.9248],
            [8.7252, 46.9305],
            [8.7347, 46.9341],
            [8.7423, 46.9359],
            [8.7541, 46.94],
            [8.7612, 46.9412],
            [8.7665, 46.9395],
            [8.7732, 46.9357],
            [8.7823, 46.9346],
            [8.8106, 46.9351],
            [8.8175, 46.9332],
            [8.8205, 46.9294],
            [8.8199, 46.925],
            [8.8203, 46.9203],
            [8.8233, 46.9168],
            [8.8291, 46.9124],
            [8.8353, 46.9121],
            [8.8376, 46.909],
            [8.8387, 46.898],
            [8.8411, 46.8921],
            [8.8449, 46.8902],
            [8.8492, 46.8911],
            [8.8557, 46.8956],
            [8.8807, 46.9036],
            [8.8852, 46.9046],
            [8.9303, 46.9222],
            [8.9439, 46.9055],
            [8.9456, 46.9027],
            [8.9481, 46.8964],
            [8.9487, 46.8905],
            [8.9482, 46.8805],
            [8.944, 46.8751],
            [8.9373, 46.8711],
            [8.9159, 46.8651],
            [8.9114, 46.8645],
            [8.908, 46.8645],
            [8.9054, 46.8641],
            [8.9024, 46.8625],
            [8.8978, 46.8592],
            [8.8718, 46.8459],
            [8.8701, 46.8395],
            [8.8711, 46.8346],
            [8.8717, 46.8154],
            [8.8608, 46.8056],
            [8.8495, 46.8013],
            [8.8429, 46.7964],
            [8.8359, 46.7945],
            [8.8284, 46.7933],
            [8.8256, 46.7908],
            [8.8263, 46.779],
            [8.8248, 46.7706],
            [8.8157, 46.7627],
            [8.8076, 46.7532],
            [8.8065, 46.751],
            [8.8062, 46.7497],
            [8.8071, 46.7406],
            [8.8037, 46.7372],
            [8.8003, 46.7356],
            [8.7853, 46.7333],
            [8.7813, 46.7336],
            [8.7663, 46.7373],
            [8.7488, 46.733],
            [8.7389, 46.7258],
            [8.7156, 46.705],
            [8.7058, 46.7011],
            [8.6957, 46.6996],
            [8.6794, 46.6946],
            [8.6726, 46.6905],
            [8.6691, 46.6863],
            [8.6692, 46.6831],
            [8.67, 46.6805],
            [8.6695, 46.6765],
            [8.6678, 46.6714],
            [8.6605, 46.66],
            [8.6535, 46.6443],
            [8.6527, 46.6388],
            [8.654, 46.6331],
            [8.656, 46.629],
            [8.659, 46.6259],
            [8.6624, 46.6242],
            [8.6669, 46.6226],
            [8.6709, 46.6207],
            [8.6734, 46.6175],
            [8.6787, 46.6053],
            [8.6808, 46.5972],
            [8.6779, 46.5836],
            [8.6363, 46.5712],
            [8.5487, 46.585],
            [8.5371, 46.5845],
            [8.5297, 46.5831],
            [8.5263, 46.5809],
            [8.5238, 46.5785],
            [8.516, 46.5626],
            [8.5122, 46.556],
            [8.5098, 46.5509],
            [8.4769, 46.5318],
            [8.4374, 46.5466],
            [8.4222, 46.563],
            [8.4116, 46.5812],
            [8.4088, 46.5874],
            [8.4076, 46.5932],
            [8.4085, 46.598],
            [8.4156, 46.6142],
            [8.4191, 46.6251],
            [8.4212, 46.6374],
            [8.4217, 46.6459],
            [8.42, 46.6503],
            [8.4177, 46.6529],
            [8.4094, 46.6557],
            [8.4063, 46.6686],
            [8.402, 46.6768],
            [8.4017, 46.6887],
            [8.4065, 46.6925],
            [8.4129, 46.6931],
            [8.4294, 46.6901],
            [8.4374, 46.6898],
            [8.4447, 46.6911],
            [8.4481, 46.6948],
            [8.4495, 46.6993],
            [8.4506, 46.7054],
            [8.4507, 46.7097],
            [8.45, 46.7138],
            [8.4482, 46.7178],
            [8.4479, 46.7234],
            [8.4462, 46.7273],
            [8.4407, 46.7353],
            [8.4376, 46.7414],
            [8.4366, 46.7506],
            [8.4377, 46.7554],
            [8.4462, 46.7692],
            [8.4786, 46.776],
            [8.4807, 46.7809],
            [8.4817, 46.7859],
            [8.48, 46.7909],
            [8.4793, 46.7943],
            [8.4783, 46.7966],
            [8.4754, 46.7979],
            [8.4729, 46.7995],
            [8.4706, 46.8036],
            [8.4749, 46.8095],
            [8.4772, 46.8167],
            [8.483, 46.8295],
            [8.4884, 46.8366],
            [8.4959, 46.8422],
            [8.4988, 46.8453],
            [8.5001, 46.8476],
            [8.4995, 46.8494],
            [8.4978, 46.8515],
            [8.4951, 46.8533],
            [8.4867, 46.8547],
            [8.4831, 46.8564],
            [8.4726, 46.8557],
            [8.4684, 46.8758],
            [8.4704, 46.8829],
            [8.4689, 46.8895],
            [8.4662, 46.8938],
            [8.4588, 46.9014],
            [8.4594, 46.9047],
            [8.4616, 46.9067],
            [8.4783, 46.9146],
            [8.5292, 46.9326],
            [8.5409, 46.9399],
            [8.545, 46.9432],
            [8.548, 46.9472],
            [8.5618, 46.9768],
            [8.5632, 46.982],
            [8.5617, 46.9881],
            [8.591, 46.9892]
          ]
        ]
      }
    },
    {
      "type": "Feature",
      "properties": { "code": "CH-SZ", "name": "Schwyz", "country": "CH" },
      "geometry": {
        "type": "Polygon",
        "coordinates": [
          [
            [8.6596, 46.9461],
            [8.6523, 46.9468],
            [8.6312, 46.9522],
            [8.6223, 46.9536],
            [8.6166, 46.9554],
            [8.6092, 46.9596],
            [8.6051, 46.9685],
            [8.6014, 46.9825],
            [8.5998, 46.9861],
            [8.5949, 46.9881],
            [8.591, 46.9892],
            [8.5617, 46.9881],
            [8.4895, 46.9816],
            [8.4651, 46.9933],
            [8.4982, 47.0053],
            [8.5015, 47.0104],
            [8.505, 47.0181],
            [8.5018, 47.023],
            [8.4981, 47.0266],
            [8.4597, 47.0508],
            [8.4197, 47.058],
            [8.4043, 47.0531],
            [8.3933, 47.0572],
            [8.3879, 47.0622],
            [8.3863, 47.0677],
            [8.3877, 47.0709],
            [8.3967, 47.0774],
            [8.4001, 47.0807],
            [8.4017, 47.0844],
            [8.402, 47.0896],
            [8.4031, 47.0934],
            [8.4062, 47.097],
            [8.4116, 47.1006],
            [8.4424, 47.1133],
            [8.4527, 47.1186],
            [8.4628, 47.122],
            [8.47, 47.1201],
            [8.4803, 47.1195],
            [8.4978, 47.0926],
            [8.5493, 47.0957],
            [8.5547, 47.0949],
            [8.5589, 47.0928],
            [8.5671, 47.0874],
            [8.5758, 47.0872],
            [8.5877, 47.089],
            [8.6106, 47.0946],
            [8.6241, 47.0964],
            [8.6375, 47.1002],
            [8.6485, 47.1059],
            [8.6765, 47.129],
            [8.6841, 47.1437],
            [8.7019, 47.1567],
            [8.6835, 47.1654],
            [8.6819, 47.1708],
            [8.6762, 47.1762],
            [8.6751, 47.1783],
            [8.675, 47.1809],
            [8.6757, 47.1836],
            [8.6773, 47.1867],
            [8.6832, 47.1915],
            [8.6931, 47.1976],
            [8.7321, 47.2146],
            [8.7754, 47.2206],
            [8.83, 47.214],
            [8.9241, 47.2205],
            [8.9553, 47.2139],
            [8.9526, 47.2044],
            [8.9518, 47.1982],
            [8.9519, 47.1957],
            [8.9585, 47.1872],
            [8.9851, 47.1689],
            [8.9659, 47.1268],
            [8.9659, 47.1211],
            [8.9629, 47.1099],
            [8.9606, 47.1059],
            [8.956, 47.1005],
            [8.9583, 47.0875],
            [8.9574, 47.0803],
            [8.9474, 47.0663],
            [8.9395, 47.0581],
            [8.9308, 47.0514],
            [8.906, 47.0433],
            [8.8947, 47.0376],
            [8.8899, 47.0265],
            [8.9038, 47.0177],
            [8.9319, 46.99],
            [8.932, 46.9885],
            [8.9293, 46.985],
            [8.9296, 46.9821],
            [8.9339, 46.9767],
            [8.9388, 46.9733],
            [8.9547, 46.9658],
            [8.9586, 46.9613],
            [8.9603, 46.955],
            [8.9564, 46.9416],
            [8.9516, 46.9296],
            [8.9303, 46.9222],
            [8.8852, 46.9046],
            [8.8807, 46.9036],
            [8.8557, 46.8956],
            [8.8492, 46.8911],
            [8.8449, 46.8902],
            [8.8411, 46.8921],
            [8.8387, 46.898],
            [8.8376, 46.909],
            [8.8353, 46.9121],
            [8.8291, 46.9124],
            [8.8233, 46.9168],
            [8.8203, 46.9203],
            [8.8199, 46.925],
            [8.8205, 46.9294],
            [8.8175, 46.9332],
            [8.8106, 46.9351],
            [8.7823, 46.9346],
            [8.7732, 46.9357],
            [8.7665, 46.9395],
            [8.7612, 46.9412],
            [8.7541, 46.94],
            [8.7423, 46.9359],
            [8.7347, 46.9341],
            [8.7252, 46.9305],
            [8.715, 46.9248],
            [8.7083, 46.923],
            [8.7024, 46.9244],
            [8.6951, 46.9318],
            [8.6903, 46.9428],
            [8.6874, 46.9456],
            [8.6824, 46.9472],
            [8.6596, 46.9461]
          ]
        ]
      }
    },
    {
      "type": "Feature",
      "properties": { "code": "CH-GL", "name": "Glarus", "country": "CH" },
      "geometry": {
        "type": "Polygon",
        "coordinates": [
          [
            [8.9303, 46.9222],
            [8.9516, 46.9296],
            [8.9564, 46.9416],
            [8.9603, 46.955],
            [8.9586, 46.9613],
            [8.9547, 46.9658],
            [8.9388, 46.9733],
            [8.9339, 46.9767],
            [8.9296, 46.9821],
            [8.9293, 46.985],
            [8.932, 46.9885],
            [8.9319, 46.99],
            [8.9038, 47.0177],
            [8.8899, 47.0265],
            [8.8947, 47.0376],
            [8.906, 47.0433],
            [8.9308, 47.0514],
            [8.9395, 47.0581],
            [8.9474, 47.0663],
            [8.9574, 47.0803],
            [8.9583, 47.0875],
            [8.956, 47.1005],
            [8.9606, 47.1059],
            [8.9629, 47.1099],
            [8.9659, 47.1211],
            [8.9659, 47.1268],
            [8.9851, 47.1689],
            [9.0011, 47.1748],
            [9.007, 47.1747],
            [9.0595, 47.1422],
            [9.0747, 47.1363],
            [9.1799, 47.1222],
            [9.1749, 47.0747],
            [9.1693, 47.0606],
            [9.1347, 47.0441],
            [9.1322, 47.0417],
            [9.1329, 47.0398],
            [9.1513, 47.0325],
            [9.1578, 47.0312],
            [9.1765, 47.0326],
            [9.1876, 47.0365],
            [9.1951, 47.0381],
            [9.2024, 47.0385],
            [9.2104, 47.0344],
            [9.2187, 47.0267],
            [9.2319, 47.0082],
            [9.2362, 46.9994],
            [9.2378, 46.9923],
            [9.2331, 46.9636],
            [9.2322, 46.961],
            [9.2302, 46.9579],
            [9.2306, 46.9542],
            [9.234, 46.9455],
            [9.2418, 46.9335],
            [9.2429, 46.9297],
            [9.2409, 46.9203],
            [9.2131, 46.9033],
            [9.196, 46.8871],
            [9.1907, 46.8848],
            [9.1825, 46.8823],
            [9.1636, 46.8822],
            [9.1491, 46.88],
            [9.115, 46.864],
            [9.1051, 46.862],
            [9.0968, 46.8641],
            [9.0923, 46.8685],
            [9.0851, 46.8721],
            [9.0754, 46.8744],
            [9.0589, 46.8754],
            [9.049, 46.874],
            [9.0424, 46.8718],
            [9.04, 46.8694],
            [9.0393, 46.8657],
            [9.0394, 46.858],
            [9.0382, 46.8546],
            [9.0354, 46.8515],
            [9.0326, 46.8475],
            [9.0297, 46.8425],
            [9.0247, 46.8354],
            [9.0174, 46.8288],
            [9.0032, 46.8196],
            [8.9805, 46.8123],
            [8.9252, 46.8006],
            [8.9158, 46.8004],
            [8.9119, 46.8023],
            [8.9096, 46.8089],
            [8.9077, 46.8116],
            [8.9029, 46.8122],
            [8.8925, 46.8148],
            [8.8717, 46.8154],
            [8.8711, 46.8346],
            [8.8701, 46.8395],
            [8.8718, 46.8459],
            [8.8978, 46.8592],
            [8.9024, 46.8625],
            [8.9054, 46.8641],
            [8.908, 46.8645],
            [8.9114, 46.8645],
            [8.9159, 46.8651],
            [8.9373, 46.8711],
            [8.944, 46.8751],
            [8.9482, 46.8805],
            [8.9487, 46.8905],
            [8.9481, 46.8964],
            [8.9456, 46.9027],
            [8.9439, 46.9055],
            [8.9303, 46.9222]
          ]
        ]
      }
    },
    {
      "type": "Feature",
      "properties": { "code": "CH-NW", "name": "Nidwalden", "country": "CH" },
      "geometry": {
        "type": "Polygon",
        "coordinates": [
          [
            [8.4651, 46.9933],
            [8.4895, 46.9816],
            [8.5617, 46.9881],
            [8.5632, 46.982],
            [8.5618, 46.9768],
            [8.548, 46.9472],
            [8.545, 46.9432],
            [8.5409, 46.9399],
            [8.5292, 46.9326],
            [8.4783, 46.9146],
            [8.4616, 46.9067],
            [8.4594, 46.9047],
            [8.4588, 46.9014],
            [8.4662, 46.8938],
            [8.4689, 46.8895],
            [8.4704, 46.8829],
            [8.4684, 46.8758],
            [8.4726, 46.8557],
            [8.424, 46.8545],
            [8.4136, 46.8601],
            [8.4099, 46.8661],
            [8.4053, 46.8675],
            [8.4008, 46.8674],
            [8.3817, 46.8587],
            [8.378, 46.858],
            [8.3761, 46.8582],
            [8.3761, 46.8594],
            [8.3768, 46.8615],
            [8.377, 46.8644],
            [8.377, 46.8682],
            [8.3717, 46.8734],
            [8.3682, 46.8741],
            [8.364, 46.8722],
            [8.3602, 46.8672],
            [8.3607, 46.8638],
            [8.3641, 46.8591],
            [8.366, 46.8474],
            [8.3674, 46.8426],
            [8.3731, 46.83],
            [8.3734, 46.8266],
            [8.3728, 46.8232],
            [8.3728, 46.8206],
            [8.3753, 46.819],
            [8.3828, 46.8157],
            [8.3842, 46.8137],
            [8.3851, 46.8093],
            [8.3856, 46.8078],
            [8.3865, 46.8068],
            [8.388, 46.8054],
            [8.3913, 46.8028],
            [8.3952, 46.798],
            [8.3981, 46.7954],
            [8.402, 46.7931],
            [8.4177, 46.7887],
            [8.4206, 46.7867],
            [8.4225, 46.7832],
            [8.4201, 46.7813],
            [8.3916, 46.7751],
            [8.3682, 46.7895],
            [8.3474, 46.798],
            [8.3268, 46.8175],
            [8.3243, 46.8411],
            [8.3258, 46.8506],
            [8.3271, 46.8708],
            [8.3319, 46.8822],
            [8.3333, 46.8868],
            [8.3334, 46.9135],
            [8.3314, 46.9177],
            [8.3264, 46.9208],
            [8.3028, 46.9284],
            [8.2968, 46.9322],
            [8.2917, 46.9367],
            [8.2931, 46.9434],
            [8.2955, 46.9468],
            [8.2988, 46.95],
            [8.3016, 46.9534],
            [8.3044, 46.9581],
            [8.3061, 46.9622],
            [8.3076, 46.9673],
            [8.305, 46.9699],
            [8.3017, 46.9714],
            [8.2636, 46.9794],
            [8.2595, 46.9794],
            [8.2552, 46.9784],
            [8.2499, 46.9762],
            [8.244, 46.9744],
            [8.2271, 46.9716],
            [8.2223, 46.9793],
            [8.2229, 46.9832],
            [8.2262, 46.9883],
            [8.2318, 46.9909],
            [8.251, 46.9955],
            [8.2681, 46.9979],
            [8.2924, 46.9978],
            [8.305, 46.9993],
            [8.3166, 46.999],
            [8.3291, 46.9973],
            [8.3506, 47.0024],
            [8.366, 47.0077],
            [8.3768, 47.0033],
            [8.3773, 47.0009],
            [8.3778, 47.0],
            [8.3792, 46.999],
            [8.4122, 46.9986],
            [8.4222, 47.0007],
            [8.4231, 47.0054],
            [8.4319, 47.0113],
            [8.4461, 47.0093],
            [8.4599, 47.0003],
            [8.4651, 46.9933]
          ]
        ]
      }
    },
    {
      "type": "Feature",
      "properties": { "code": "CH-FR", "name": "Fribourg", "country": "CH" },
      "geometry": {
        "type": "MultiPolygon",
        "coordinates": [
          [
            [
              [7.2159, 47.0042],
              [7.2252, 47.0025],
              [7.228, 47.0001],
              [7.2287, 46.9988],
              [7.2289, 46.998],
              [7.23, 46.9921],
              [7.2365, 46.9856],
              [7.2343, 46.9819],
              [7.2239, 46.9731],
              [7.2185, 46.9701],
              [7.2056, 46.9657],
              [7.2036, 46.9641],
              [7.2039, 46.9613],
              [7.2095, 46.9548],
              [7.2118, 46.951],
              [7.2129, 46.9466],
              [7.2135, 46.9402],
              [7.216, 46.9296],
              [7.2149, 46.9246],
              [7.2123, 46.9188],
              [7.2053, 46.9087],
              [7.2059, 46.9062],
              [7.2094, 46.9049],
              [7.214, 46.9049],
              [7.2244, 46.9063],
              [7.2758, 46.8962],
              [7.3557, 46.8912],
              [7.3605, 46.8688],
              [7.3557, 46.8606],
              [7.3462, 46.8552],
              [7.3405, 46.8531],
              [7.3344, 46.8531],
              [7.331, 46.8546],
              [7.3295, 46.8559],
              [7.3299, 46.8585],
              [7.3281, 46.8594],
              [7.3222, 46.8601],
              [7.3149, 46.8559],
              [7.3138, 46.8529],
              [7.3169, 46.8483],
              [7.3195, 46.838],
              [7.3191, 46.8233],
              [7.3074, 46.7902],
              [7.3051, 46.7744],
              [7.3044, 46.7482],
              [7.3066, 46.7335],
              [7.3105, 46.7259],
              [7.3127, 46.7227],
              [7.316, 46.7207],
              [7.3333, 46.7161],
              [7.3381, 46.714],
              [7.3468, 46.7093],
              [7.351, 46.7042],
              [7.3541, 46.7023],
              [7.3578, 46.7014],
              [7.362, 46.7017],
              [7.3653, 46.7012],
              [7.3681, 46.6995],
              [7.3703, 46.6973],
              [7.3729, 46.6959],
              [7.3768, 46.6947],
              [7.3811, 46.6926],
              [7.3827, 46.6908],
              [7.38, 46.6841],
              [7.3762, 46.6593],
              [7.378, 46.6556],
              [7.3745, 46.6521],
              [7.3656, 46.6457],
              [7.3581, 46.6461],
              [7.3495, 46.6484],
              [7.335, 46.6506],
              [7.3307, 46.6483],
              [7.3197, 46.6396],
              [7.3234, 46.6103],
              [7.3214, 46.5963],
              [7.3191, 46.5876],
              [7.3146, 46.5834],
              [7.3103, 46.5821],
              [7.3006, 46.5818],
              [7.283, 46.5808],
              [7.2425, 46.5561],
              [7.2126, 46.5396],
              [7.1552, 46.5276],
              [7.1451, 46.5218],
              [7.1379, 46.5147],
              [7.1221, 46.502],
              [7.1116, 46.4959],
              [7.1031, 46.4921],
              [7.0736, 46.4897],
              [7.0663, 46.4877],
              [7.0598, 46.4849],
              [7.0424, 46.4747],
              [7.0326, 46.467],
              [7.0295, 46.4638],
              [7.0276, 46.4611],
              [7.0236, 46.4523],
              [7.0003, 46.4445],
              [6.9994, 46.4461],
              [6.9961, 46.4473],
              [6.994, 46.451],
              [6.9906, 46.4547],
              [6.9875, 46.4593],
              [6.9856, 46.4645],
              [6.9848, 46.4685],
              [6.9814, 46.4787],
              [6.9747, 46.4904],
              [6.9192, 46.5189],
              [6.9055, 46.5225],
              [6.8948, 46.5228],
              [6.8802, 46.5118],
              [6.8729, 46.5081],
              [6.8644, 46.5051],
              [6.8498, 46.5037],
              [6.8422, 46.5048],
              [6.8379, 46.5064],
              [6.8265, 46.5173],
              [6.8196, 46.531],
              [6.8281, 46.5429],
              [6.8306, 46.5433],
              [6.8437, 46.5437],
              [6.852, 46.5431],
              [6.8543, 46.5425],
              [6.8666, 46.5371],
              [6.8698, 46.5387],
              [6.8726, 46.5418],
              [6.8976, 46.5613],
              [6.9029, 46.5666],
              [6.9047, 46.5693],
              [6.903, 46.57],
              [6.8993, 46.5697],
              [6.8915, 46.5681],
              [6.8872, 46.5691],
              [6.8804, 46.5724],
              [6.8691, 46.5803],
              [6.8638, 46.5823],
              [6.8599, 46.5831],
              [6.8487, 46.581],
              [6.834, 46.5801],
              [6.8261, 46.584],
              [6.8202, 46.5841],
              [6.8155, 46.5832],
              [6.807, 46.5807],
              [6.8059, 46.582],
              [6.8059, 46.5854],
              [6.807, 46.5898],
              [6.8068, 46.5935],
              [6.8063, 46.5963],
              [6.8062, 46.5986],
              [6.807, 46.5996],
              [6.8095, 46.6007],
              [6.8101, 46.6027],
              [6.8092, 46.608],
              [6.8076, 46.6136],
              [6.806, 46.6246],
              [6.8062, 46.6364],
              [6.8068, 46.641],
              [6.8092, 46.6514],
              [6.8211, 46.6522],
              [6.8372, 46.6599],
              [6.8486, 46.6617],
              [6.8641, 46.6621],
              [6.8698, 46.6629],
              [6.8722, 46.6643],
              [6.8716, 46.6655],
              [6.8703, 46.6671],
              [6.8706, 46.6686],
              [6.8762, 46.6786],
              [6.9108, 46.7135],
              [6.94, 46.741],
              [6.9437, 46.7493],
              [6.9426, 46.75],
              [6.9299, 46.7523],
              [6.9265, 46.7534],
              [6.9228, 46.7551],
              [6.9201, 46.7588],
              [6.9214, 46.7606],
              [6.9344, 46.7632],
              [6.9384, 46.7653],
              [6.9423, 46.7684],
              [6.9693, 46.7951],
              [6.9676, 46.809],
              [6.9733, 46.8192],
              [6.9769, 46.8231],
              [6.9814, 46.8258],
              [6.9875, 46.8286],
              [6.9974, 46.8369],
              [7.0006, 46.8412],
              [7.0014, 46.8444],
              [7.0003, 46.8454],
              [6.9991, 46.8455],
              [6.9943, 46.8444],
              [6.9915, 46.8459],
              [6.9878, 46.8496],
              [6.9851, 46.8587],
              [6.9853, 46.8633],
              [6.987, 46.8677],
              [6.9899, 46.8719],
              [6.9889, 46.876],
              [6.9868, 46.8794],
              [6.9845, 46.8814],
              [6.9825, 46.8821],
              [6.9796, 46.882],
              [6.976, 46.8813],
              [6.9731, 46.8801],
              [6.9714, 46.879],
              [6.9713, 46.8768],
              [6.971, 46.8752],
              [6.9699, 46.8733],
              [6.9687, 46.8725],
              [6.9665, 46.8727],
              [6.9637, 46.8743],
              [6.9474, 46.8896],
              [6.9415, 46.8937],
              [6.9383, 46.8956],
              [6.9074, 46.9255],
              [6.9459, 46.9472],
              [7.0085, 46.8873],
              [7.0135, 46.8805],
              [7.0248, 46.8763],
              [7.0391, 46.8621],
              [7.0404, 46.8548],
              [7.0415, 46.8524],
              [7.059, 46.8587],
              [7.0675, 46.8658],
              [7.0703, 46.8688],
              [7.0729, 46.873],
              [7.0749, 46.878],
              [7.0774, 46.8872],
              [7.0807, 46.8917],
              [7.0844, 46.895],
              [7.0877, 46.8954],
              [7.0903, 46.8948],
              [7.0931, 46.8924],
              [7.0952, 46.8916],
              [7.0975, 46.8923],
              [7.1049, 46.8981],
              [7.1069, 46.9009],
              [7.1063, 46.9029],
              [7.1001, 46.9047],
              [7.0967, 46.9062],
              [7.0941, 46.9077],
              [7.0732, 46.9373],
              [7.0694, 46.9446],
              [7.0624, 46.9782],
              [7.1427, 46.9837],
              [7.1926, 46.9974],
              [7.2159, 47.0042]
            ]
          ],
          [
            [
              [7.2374, 46.9412],
              [7.2377, 46.9377],
              [7.2365, 46.9363],
              [7.2342, 46.9344],
              [7.2311, 46.9335],
              [7.2289, 46.9337],
              [7.2259, 46.9332],
              [7.2225, 46.9383],
              [7.2374, 46.9412]
            ]
          ],
          [
            [
              [6.8751, 46.9072],
              [6.9174, 46.8786],
              [6.9209, 46.8754],
              [6.924, 46.8718],
              [6.9225, 46.8721],
              [6.92, 46.8739],
              [6.9177, 46.875],
              [6.9157, 46.8751],
              [6.9092, 46.8732],
              [6.9058, 46.8716],
              [6.9029, 46.8699],
              [6.901, 46.8669],
              [6.9022, 46.8663],
              [6.9058, 46.8667],
              [6.9105, 46.8661],
              [6.9164, 46.8641],
              [6.9268, 46.8584],
              [6.9299, 46.8554],
              [6.9296, 46.8522],
              [6.9235, 46.8455],
              [6.919, 46.8389],
              [6.9171, 46.8356],
              [6.9159, 46.8324],
              [6.915, 46.829],
              [6.9112, 46.8084],
              [6.9128, 46.8057],
              [6.9146, 46.8046],
              [6.9221, 46.8071],
              [6.9283, 46.8064],
              [6.93, 46.8049],
              [6.9299, 46.8028],
              [6.9259, 46.798],
              [6.9185, 46.7862],
              [6.9154, 46.7841],
              [6.9131, 46.7829],
              [6.9053, 46.7813],
              [6.9002, 46.7808],
              [6.8861, 46.781],
              [6.8818, 46.7815],
              [6.8773, 46.7832],
              [6.8722, 46.7858],
              [6.8678, 46.7873],
              [6.8608, 46.7859],
              [6.8563, 46.7857],
              [6.8495, 46.7839],
              [6.8437, 46.7811],
              [6.8355, 46.7802],
              [6.8323, 46.7804],
              [6.8278, 46.7813],
              [6.8172, 46.7848],
              [6.8129, 46.7855],
              [6.8092, 46.7856],
              [6.806, 46.7862],
              [6.7935, 46.7904],
              [6.7921, 46.7914],
              [6.793, 46.7937],
              [6.7956, 46.7961],
              [6.7975, 46.7983],
              [6.798, 46.8003],
              [6.7964, 46.8023],
              [6.7949, 46.803],
              [6.7905, 46.8025],
              [6.7882, 46.8028],
              [6.7857, 46.804],
              [6.7746, 46.8119],
              [6.771, 46.8191],
              [6.766, 46.8453],
              [6.8751, 46.9072]
            ]
          ],
          [
            [
              [6.7868, 46.7519],
              [6.7926, 46.7478],
              [6.7934, 46.7404],
              [6.7918, 46.7329],
              [6.7843, 46.7263],
              [6.7794, 46.723],
              [6.7727, 46.7189],
              [6.7678, 46.7205],
              [6.7653, 46.7271],
              [6.7603, 46.7304],
              [6.7562, 46.7354],
              [6.7587, 46.7404],
              [6.7653, 46.7404],
              [6.7719, 46.7461],
              [6.7802, 46.7519],
              [6.7868, 46.7519]
            ]
          ],
          [
            [
              [6.8596, 46.7734],
              [6.8653, 46.7693],
              [6.8687, 46.7643],
              [6.8753, 46.7627],
              [6.8835, 46.7594],
              [6.8885, 46.7519],
              [6.8852, 46.7445],
              [6.8778, 46.7346],
              [6.8703, 46.7296],
              [6.8629, 46.7271],
              [6.8538, 46.7296],
              [6.8455, 46.7321],
              [6.8339, 46.7362],
              [6.8265, 46.7346],
              [6.8149, 46.7271],
              [6.8066, 46.7263],
              [6.8, 46.7263],
              [6.7975, 46.7304],
              [6.8009, 46.7329],
              [6.8066, 46.7362],
              [6.8141, 46.7387],
              [6.8248, 46.742],
              [6.829, 46.7486],
              [6.8381, 46.7569],
              [6.8439, 46.7602],
              [6.8505, 46.7668],
              [6.8546, 46.7709],
              [6.8596, 46.7734]
            ]
          ]
        ]
      }
    },
    {
      "type": "Feature",
      "properties": { "code": "CH-OW", "name": "Obwalden", "country": "CH" },
      "geometry": {
        "type": "MultiPolygon",
        "coordinates": [
          [
            [
              [8.3682, 46.7895],
              [8.3244, 46.7777],
              [8.2909, 46.7617],
              [8.28, 46.7588],
              [8.2703, 46.759],
              [8.251, 46.7632],
              [8.1987, 46.7676],
              [8.1869, 46.766],
              [8.1634, 46.7597],
              [8.1581, 46.759],
              [8.1506, 46.7605],
              [8.1387, 46.7642],
              [8.1284, 46.769],
              [8.0946, 46.7843],
              [8.0754, 46.7872],
              [8.0437, 46.7883],
              [8.06, 46.8061],
              [8.0547, 46.8217],
              [8.0498, 46.8289],
              [8.0465, 46.8393],
              [8.0488, 46.8445],
              [8.0662, 46.8718],
              [8.0698, 46.8861],
              [8.0735, 46.8934],
              [8.0767, 46.8982],
              [8.084, 46.9055],
              [8.0882, 46.9079],
              [8.093, 46.9092],
              [8.0987, 46.9094],
              [8.1019, 46.909],
              [8.1038, 46.9079],
              [8.1052, 46.9055],
              [8.1075, 46.9045],
              [8.1118, 46.9054],
              [8.1357, 46.9261],
              [8.1559, 46.939],
              [8.1575, 46.9439],
              [8.1564, 46.9489],
              [8.1526, 46.9578],
              [8.1548, 46.9604],
              [8.1716, 46.968],
              [8.2271, 46.9716],
              [8.244, 46.9744],
              [8.2499, 46.9762],
              [8.2552, 46.9784],
              [8.2595, 46.9794],
              [8.2636, 46.9794],
              [8.3017, 46.9714],
              [8.305, 46.9699],
              [8.3076, 46.9673],
              [8.3061, 46.9622],
              [8.3044, 46.9581],
              [8.3016, 46.9534],
              [8.2988, 46.95],
              [8.2955, 46.9468],
              [8.2931, 46.9434],
              [8.2917, 46.9367],
              [8.2968, 46.9322],
              [8.3028, 46.9284],
              [8.3264, 46.9208],
              [8.3314, 46.9177],
              [8.3334, 46.9135],
              [8.3333, 46.8868],
              [8.3319, 46.8822],
              [8.3271, 46.8708],
              [8.3258, 46.8506],
              [8.3243, 46.8411],
              [8.3268, 46.8175],
              [8.3474, 46.798],
              [8.3682, 46.7895]
            ]
          ],
          [
            [
              [8.4011, 46.7697],
              [8.3916, 46.7751],
              [8.4201, 46.7813],
              [8.4225, 46.7832],
              [8.4206, 46.7867],
              [8.4177, 46.7887],
              [8.402, 46.7931],
              [8.3981, 46.7954],
              [8.3952, 46.798],
              [8.3913, 46.8028],
              [8.388, 46.8054],
              [8.3865, 46.8068],
              [8.3856, 46.8078],
              [8.3851, 46.8093],
              [8.3842, 46.8137],
              [8.3828, 46.8157],
              [8.3753, 46.819],
              [8.3728, 46.8206],
              [8.3728, 46.8232],
              [8.3734, 46.8266],
              [8.3731, 46.83],
              [8.3674, 46.8426],
              [8.366, 46.8474],
              [8.3641, 46.8591],
              [8.3607, 46.8638],
              [8.3602, 46.8672],
              [8.364, 46.8722],
              [8.3682, 46.8741],
              [8.3717, 46.8734],
              [8.377, 46.8682],
              [8.377, 46.8644],
              [8.3768, 46.8615],
              [8.3761, 46.8594],
              [8.3761, 46.8582],
              [8.378, 46.858],
              [8.3817, 46.8587],
              [8.4008, 46.8674],
              [8.4053, 46.8675],
              [8.4099, 46.8661],
              [8.4136, 46.8601],
              [8.424, 46.8545],
              [8.4726, 46.8557],
              [8.4831, 46.8564],
              [8.4867, 46.8547],
              [8.4951, 46.8533],
              [8.4978, 46.8515],
              [8.4995, 46.8494],
              [8.5001, 46.8476],
              [8.4988, 46.8453],
              [8.4959, 46.8422],
              [8.4884, 46.8366],
              [8.483, 46.8295],
              [8.4772, 46.8167],
              [8.4749, 46.8095],
              [8.4706, 46.8036],
              [8.4729, 46.7995],
              [8.4754, 46.7979],
              [8.4783, 46.7966],
              [8.4793, 46.7943],
              [8.48, 46.7909],
              [8.4817, 46.7859],
              [8.4807, 46.7809],
              [8.4786, 46.776],
              [8.4462, 46.7692],
              [8.4263, 46.7741],
              [8.4212, 46.7741],
              [8.4079, 46.7722],
              [8.4011, 46.7697]
            ]
          ]
        ]
      }
    },
    {
      "type": "Feature",
      "properties": { "code": "CH-AR", "name": "Appenzell Ausserrhoden", "country": "CH" },
      "geometry": {
        "type": "Polygon",
        "coordinates": [
          [
            [9.4866, 47.3936],
            [9.4814, 47.3685],
            [9.4882, 47.3534],
            [9.4561, 47.3541],
            [9.3498, 47.388],
            [9.3434, 47.3838],
            [9.3436, 47.3765],
            [9.3427, 47.364],
            [9.3374, 47.3545],
            [9.3318, 47.3475],
            [9.3235, 47.341],
            [9.309, 47.3329],
            [9.3056, 47.327],
            [9.3028, 47.3035],
            [9.3046, 47.2949],
            [9.3082, 47.2888],
            [9.3159, 47.2819],
            [9.3187, 47.2788],
            [9.3209, 47.2757],
            [9.3248, 47.2678],
            [9.3263, 47.2636],
            [9.3315, 47.2531],
            [9.3147, 47.2501],
            [9.3111, 47.2502],
            [9.3084, 47.2501],
            [9.298, 47.2555],
            [9.2672, 47.2671],
            [9.2174, 47.2715],
            [9.2083, 47.2734],
            [9.2041, 47.2751],
            [9.1966, 47.2811],
            [9.2083, 47.2905],
            [9.2013, 47.3129],
            [9.2019, 47.3193],
            [9.2038, 47.3233],
            [9.2103, 47.328],
            [9.2137, 47.3314],
            [9.218, 47.3369],
            [9.2168, 47.3403],
            [9.2134, 47.3419],
            [9.209, 47.3419],
            [9.1991, 47.3402],
            [9.1861, 47.3577],
            [9.1876, 47.3597],
            [9.2, 47.3677],
            [9.2076, 47.3767],
            [9.2174, 47.3914],
            [9.2226, 47.3974],
            [9.226, 47.4003],
            [9.235, 47.3992],
            [9.2708, 47.4029],
            [9.278, 47.4028],
            [9.2942, 47.3992],
            [9.3394, 47.4054],
            [9.3754, 47.4095],
            [9.3974, 47.4093],
            [9.4094, 47.4118],
            [9.4154, 47.4164],
            [9.4171, 47.4217],
            [9.4204, 47.4278],
            [9.4257, 47.434],
            [9.4374, 47.4358],
            [9.4459, 47.438],
            [9.4959, 47.4532],
            [9.5169, 47.4661],
            [9.5223, 47.4681],
            [9.5264, 47.4683],
            [9.5287, 47.4673],
            [9.5309, 47.4666],
            [9.5392, 47.4652],
            [9.5422, 47.4642],
            [9.549, 47.4602],
            [9.5521, 47.4587],
            [9.5677, 47.4545],
            [9.6084, 47.4498],
            [9.5824, 47.4425],
            [9.5672, 47.4405],
            [9.5484, 47.4412],
            [9.5484, 47.4372],
            [9.5499, 47.4351],
            [9.5815, 47.4244],
            [9.5832, 47.4152],
            [9.5405, 47.3972],
            [9.5383, 47.4113],
            [9.5436, 47.415],
            [9.5437, 47.4195],
            [9.5428, 47.423],
            [9.5388, 47.4269],
            [9.5341, 47.4302],
            [9.5278, 47.4337],
            [9.5239, 47.4331],
            [9.5206, 47.4313],
            [9.5178, 47.4293],
            [9.5138, 47.4274],
            [9.5112, 47.426],
            [9.5101, 47.4237],
            [9.5096, 47.422],
            [9.5085, 47.4204],
            [9.5084, 47.4195],
            [9.5098, 47.4184],
            [9.5127, 47.4168],
            [9.514, 47.4147],
            [9.5118, 47.4126],
            [9.5, 47.4087],
            [9.4896, 47.4049],
            [9.4866, 47.3936]
          ]
        ]
      }
    },
    {
      "type": "Feature",
      "properties": { "code": "CH-AI", "name": "Appenzell Innerrhoden", "country": "CH" },
      "geometry": {
        "type": "MultiPolygon",
        "coordinates": [
          [
            [
              [9.6084, 47.4498],
              [9.5853, 47.4342],
              [9.5832, 47.4318],
              [9.5815, 47.4244],
              [9.5499, 47.4351],
              [9.5484, 47.4372],
              [9.5484, 47.4412],
              [9.5672, 47.4405],
              [9.5824, 47.4425],
              [9.6084, 47.4498]
            ]
          ],
          [
            [
              [9.4882, 47.3534],
              [9.4711, 47.2964],
              [9.4516, 47.2715],
              [9.4377, 47.261],
              [9.4233, 47.2539],
              [9.4038, 47.247],
              [9.3755, 47.2397],
              [9.3692, 47.2399],
              [9.3603, 47.2411],
              [9.3534, 47.2442],
              [9.3447, 47.2466],
              [9.3315, 47.2531],
              [9.3263, 47.2636],
              [9.3248, 47.2678],
              [9.3209, 47.2757],
              [9.3187, 47.2788],
              [9.3159, 47.2819],
              [9.3082, 47.2888],
              [9.3046, 47.2949],
              [9.3028, 47.3035],
              [9.3056, 47.327],
              [9.309, 47.3329],
              [9.3235, 47.341],
              [9.3318, 47.3475],
              [9.3374, 47.3545],
              [9.3427, 47.364],
              [9.3436, 47.3765],
              [9.3434, 47.3838],
              [9.3498, 47.388],
              [9.4561, 47.3541],
              [9.4882, 47.3534]
            ]
          ],
          [
            [
              [9.5405, 47.3972],
              [9.5264, 47.4021],
              [9.5137, 47.4008],
              [9.4866, 47.3936],
              [9.4896, 47.4049],
              [9.5, 47.4087],
              [9.5118, 47.4126],
              [9.514, 47.4147],
              [9.5127, 47.4168],
              [9.5098, 47.4184],
              [9.5084, 47.4195],
              [9.5085, 47.4204],
              [9.5096, 47.422],
              [9.5101, 47.4237],
              [9.5112, 47.426],
              [9.5138, 47.4274],
              [9.5178, 47.4293],
              [9.5206, 47.4313],
              [9.5239, 47.4331],
              [9.5278, 47.4337],
              [9.5341, 47.4302],
              [9.5388, 47.4269],
              [9.5428, 47.423],
              [9.5437, 47.4195],
              [9.5436, 47.415],
              [9.5383, 47.4113],
              [9.5405, 47.3972]
            ]
          ]
        ]
      }
    }
  ]
}
