{"type":"FeatureCollection", "features": [
{"type":"Feature","geometry":{"type":"Polygon","coordinates":[[[-67.1533,49.1891],[-67.2412,49.1568],[-67.3332,49.135],[-67.4695,49.1094],[-67.5925,49.0783],[-67.7444,49.0287],[-67.9993,48.9394],[-68.0937,48.9095],[-68.1733,48.8814],[-68.3096,48.8284],[-68.4675,48.7581],[-68.5664,48.707],[-68.7235,48.621],[-68.8948,48.5176],[-69,48.4517],[-69.2345,48.2911],[-69.3379,48.2148],[-69.4463,48.1282],[-69.5484,48.0495],[-69.5806,48.0304],[-69.6373,48.0048],[-69.6732,47.9834],[-69.7198,47.9455],[-69.8066,47.8462],[-69.8399,47.7996],[-69.8967,47.6968],[-69.9181,47.671],[-69.9624,47.6339],[-70.0415,47.5878],[-70.0906,47.542],[-70.1217,47.4877],[-70.1495,47.453],[-70.1983,47.4112],[-70.0791,47.3291],[-70.003,47.2785],[-69.9737,47.2913],[-69.8644,47.2198],[-69.7727,47.1606],[-69.6253,47.0667],[-69.3889,47.2994],[-69.2244,47.4598],[-69.1759,47.4568],[-69.122,47.4427],[-69.0814,47.4237],[-69.0585,47.4327],[-69.0357,47.4073],[-69.0544,47.3765],[-69.0549,47.3153],[-69.0511,47.3003],[-68.7988,47.349],[-68.5694,47.427],[-68.383,47.5533],[-68.3831,47.9165],[-68.1229,47.9164],[-68.1229,48],[-67.5978,48.0001],[-67.5875,48.0494],[-67.6495,48.0904],[-67.6668,48.1185],[-67.3746,48.1949],[-67.2775,48.0315],[-67.0982,48.0784],[-67.0984,48.0852],[-66.8796,48.137],[-66.9345,48.1811],[-66.9004,48.2004],[-66.8757,48.1829],[-66.9742,48.3032],[-66.795,48.3529],[-66.3678,48.4618],[-66.1301,48.5209],[-65.9485,48.5671],[-66.0068,48.6084],[-66.0909,48.6631],[-66.3744,48.8495],[-66.5373,48.9578],[-66.7044,48.9029],[-66.6956,48.9207],[-66.6968,48.9712],[-66.7061,48.9999],[-66.7335,49.0175],[-66.8324,48.9851],[-67.1533,49.1891]]]},"properties":{"code":"CA-QC-01","name":"Bas-Saint-Laurent","country":"CA"}},
{"type":"Feature","geometry":{"type":"Polygon","coordinates":[[[-70.0299,52.8321],[-70.0304,52.8321],[-70.031,52.8321],[-70.0321,52.8321],[-70.0348,52.8328],[-70.037,52.8326],[-70.0418,52.8302],[-70.0512,52.8309],[-70.0568,52.8241],[-70.0925,52.8281],[-70.126,52.8113],[-70.1284,52.7968],[-70.1569,52.7773],[-70.1516,52.7401],[-70.2041,52.7045],[-70.1967,52.673],[-70.1808,52.6629],[-70.1976,52.6479],[-70.2242,52.6567],[-70.2283,52.6344],[-70.2132,52.6235],[-70.1789,52.6219],[-70.1907,52.6018],[-70.2427,52.5619],[-70.2071,52.5546],[-70.1779,52.5398],[-70.1894,52.5122],[-70.2192,52.4847],[-70.2245,52.4623],[-70.2585,52.4544],[-70.2815,52.4211],[-70.252,52.4125],[-70.2608,52.3777],[-70.2783,52.3534],[-70.3389,52.339],[-70.3918,52.3375],[-70.4295,52.3279],[-70.482,52.3039],[-70.4994,52.3131],[-70.5392,52.3013],[-70.5599,52.3171],[-70.583,52.3042],[-70.647,52.2836],[-70.6988,52.281],[-70.7279,52.2581],[-70.8073,52.2348],[-70.8236,52.2502],[-70.8055,52.2724],[-70.8345,52.2757],[-70.8543,52.2674],[-70.8805,52.279],[-70.9145,52.248],[-70.9244,52.2311],[-70.9741,52.2318],[-70.9877,52.2199],[-71.0296,52.211],[-71.077,52.2114],[-71.1109,52.1798],[-71.1357,52.1688],[-71.1644,52.1192],[-71.1899,52.1149],[-71.201,52.0913],[-71.2442,52.0729],[-71.2625,52.0418],[-71.2405,52.0347],[-71.2703,51.9941],[-71.306,51.9721],[-71.3089,51.9483],[-71.3236,51.9244],[-71.347,51.9129],[-71.3755,51.8508],[-71.4023,51.8366],[-71.4183,51.8441],[-71.4586,51.8328],[-71.4884,51.8367],[-71.5266,51.8321],[-71.5742,51.8142],[-71.5705,51.7914],[-71.5833,51.7595],[-71.5774,51.7414],[-71.6107,51.6927],[-71.5971,51.6797],[-71.5912,51.633],[-71.6017,51.6164],[-71.597,51.5915],[-71.5765,51.5884],[-71.5907,51.5469],[-71.5713,51.5239],[-71.5831,51.5067],[-71.6319,51.5005],[-71.66,51.4771],[-71.6861,51.4434],[-71.712,51.4282],[-71.6864,51.4127],[-71.7247,51.3587],[-71.7769,51.3649],[-71.805,51.353],[-71.834,51.367],[-71.8664,51.3455],[-71.8644,51.3248],[-71.8786,51.3104],[-71.87,51.2782],[-71.8845,51.2711],[-71.9228,51.2786],[-71.9514,51.2587],[-71.9599,51.2428],[-72.0058,51.2234],[-71.9993,51.178],[-72.0216,51.17],[-72.025,51.1499],[-72.0741,51.1507],[-72.106,51.1179],[-72.1557,51.0316],[-72.1524,51.0059],[-72.1662,50.9784],[-72.1863,50.9843],[-72.1865,51.014],[-72.203,51.0291],[-72.222,51.0255],[-72.2333,51.0066],[-72.2581,51.0054],[-72.2601,50.9719],[-72.2693,50.9514],[-72.2922,50.9536],[-72.3008,50.919],[-72.3406,50.8852],[-72.3782,50.8881],[-72.3762,50.8616],[-72.3975,50.8133],[-72.4499,50.7817],[-72.4703,50.7843],[-72.4864,50.7535],[-72.5224,50.7544],[-72.5629,50.767],[-72.5617,50.8206],[-72.568,50.8284],[-72.5497,50.8548],[-72.5584,50.8809],[-72.6013,50.8403],[-72.6142,50.7981],[-72.6385,50.7742],[-72.6477,50.7483],[-72.684,50.7528],[-72.6831,50.7652],[-72.75,50.8019],[-72.752,50.8209],[-72.7823,50.8255],[-72.8579,50.8124],[-72.8911,50.7881],[-72.9277,50.7514],[-72.9396,50.7149],[-72.9875,50.6861],[-72.9907,50.6743],[-73.0399,50.6693],[-73.0231,50.6979],[-73.0737,50.704],[-73.0738,50.7229],[-73.0904,50.74],[-73.1454,50.7508],[-73.1722,50.7293],[-73.1837,50.7015],[-73.2243,50.7023],[-73.2471,50.694],[-73.2724,50.6465],[-73.3058,50.6109],[-73.3105,50.5768],[-73.3333,50.5806],[-73.3583,50.5291],[-73.3855,50.5153],[-73.3998,50.4681],[-73.4362,50.4368],[-73.4578,50.4044],[-73.4566,50.3714],[-73.4776,50.3687],[-73.4935,50.3825],[-73.5273,50.3794],[-73.5695,50.3607],[-73.584,50.3716],[-73.574,50.3966],[-73.5934,50.4035],[-73.6102,50.3845],[-73.6188,50.3056],[-73.6547,50.2578],[-73.6787,50.2373],[-73.6723,50.2262],[-73.6972,50.2148],[-73.7313,50.2159],[-73.7453,50.2317],[-73.7703,50.2153],[-73.7844,50.1741],[-73.7732,50.1499],[-73.7923,50.136],[-73.7754,50.1205],[-73.7899,50.1014],[-73.7872,50.0565],[-73.8053,50.0288],[-73.8283,50.011],[-73.8517,50.0112],[-73.8681,49.9684],[-73.8958,49.9543],[-73.9089,49.9295],[-73.9122,49.8927],[-73.9552,49.8439],[-73.9831,49.8334],[-74.0034,49.8058],[-74.0166,49.8019],[-74.0166,49.7353],[-74.0984,49.7354],[-74.1113,49.7049],[-74.1441,49.6786],[-74.181,49.6795],[-74.1913,49.6557],[-74.1844,49.6458],[-74.1978,49.6116],[-74.2496,49.5694],[-74.2617,49.529],[-74.2538,49.5126],[-74.2889,49.4954],[-74.3227,49.4901],[-74.3466,49.5035],[-74.3695,49.4843],[-74.3937,49.4748],[-74.3767,49.4577],[-74.3843,49.4333],[-74.4054,49.4282],[-74.4123,49.3749],[-74.3934,49.37],[-74.4327,49.327],[-74.407,49.3143],[-74.3744,49.3161],[-74.362,49.3005],[-74.3018,49.272],[-74.2946,49.2891],[-74.25,49.2807],[-74.2297,49.2825],[-74.2278,49.2149],[-74.253,49.1703],[-74.2444,49.1359],[-74.2645,49.1371],[-74.267,49.1041],[-74.2782,49.0702],[-74.2899,49.0649],[-74.3034,49.0147],[-74.2827,48.9993],[-74.2948,48.9782],[-74.3372,48.9624],[-74.3307,48.9323],[-74.4163,48.9347],[-74.4537,48.9714],[-74.4733,48.9467],[-74.3608,48.8751],[-74.2309,48.7921],[-73.9382,48.6066],[-73.8344,48.543],[-73.6436,48.4162],[-73.3646,48.2305],[-73.0177,47.9986],[-72.8034,47.9985],[-72.4513,47.9985],[-72.1236,47.9986],[-72.0735,47.95],[-72,47.9501],[-71.7495,47.9501],[-71.38,47.95],[-71.3744,47.9717],[-71.4084,47.9764],[-71.411,47.996],[-71.25,48],[-71.0568,47.9978],[-71.0187,47.9975],[-70.9134,47.9969],[-70.5295,47.9954],[-70.4505,47.9972],[-70.2636,47.9929],[-70.1719,48.1248],[-69.9567,48.0576],[-69.8927,48.153],[-69.8811,48.1708],[-69.8711,48.1862],[-69.8905,48.2243],[-69.9538,48.2348],[-70.0134,48.256],[-70.0542,48.255],[-70.0779,48.2528],[-70.008,48.357],[-70.0092,48.5657],[-70.0091,48.75],[-70.0105,49],[-70.0108,49.25],[-70.0102,49.5001],[-70.0104,49.7965],[-70.0216,49.7966],[-70.0248,50.0001],[-70.025,50.2501],[-70.0251,50.5001],[-70.0256,50.7501],[-70.0254,51.0001],[-70.0255,51.2501],[-70.0263,51.564],[-70.0249,51.7308],[-70.0249,51.9745],[-70.0246,52.2501],[-70.0245,52.5001],[-70.0257,52.7501],[-70.0299,52.8321]]]},"properties":{"code":"CA-QC-02","name":"Saguenay–Lac-Saint-Jean","country":"CA"}},
{"type":"Feature","geometry":{"type":"Polygon","coordinates":[[[-69.8711,48.1862],[-69.9567,48.0576],[-70.1719,48.1248],[-70.2636,47.9929],[-70.4505,47.9972],[-70.5295,47.9954],[-70.9134,47.9969],[-71.0187,47.9975],[-71.0568,47.9978],[-71.25,48],[-71.411,47.996],[-71.4084,47.9764],[-71.3744,47.9717],[-71.38,47.95],[-71.7495,47.9501],[-72,47.9501],[-72.0735,47.95],[-72.0154,47.8936],[-71.9962,47.875],[-71.9255,47.8041],[-71.9174,47.7962],[-71.8929,47.7725],[-71.8906,47.7702],[-71.9187,47.7514],[-71.924,47.7479],[-72,47.6973],[-72.1226,47.6148],[-72.1973,47.5644],[-72.2276,47.5439],[-72.2391,47.5361],[-72.2394,47.5359],[-72.23,47.5308],[-72.2043,47.5005],[-72.1949,47.4977],[-72.202,47.4874],[-72.1633,47.4695],[-72.1739,47.4391],[-72.1415,47.4111],[-72.1844,47.3661],[-72.2022,47.3582],[-72.2058,47.3293],[-72.2386,47.291],[-72.2872,47.2917],[-72.3206,47.303],[-72.344,47.2796],[-72.3584,47.2912],[-72.4137,47.2926],[-72.4151,47.3468],[-72.4626,47.3714],[-72.4623,47.3873],[-72.4751,47.3786],[-72.4886,47.3694],[-72.4739,47.3331],[-72.5067,47.3134],[-72.5137,47.2694],[-72.5419,47.2201],[-72.5442,47.1918],[-72.5147,47.144],[-72.46,47.1431],[-72.4333,47.125],[-72.42,47.116],[-72.3949,47.1178],[-72.3789,47.0965],[-72.4359,47.0575],[-72.2197,46.9097],[-72.1677,46.8743],[-72.2287,46.8352],[-72.2485,46.8284],[-72.2724,46.8449],[-72.3059,46.8338],[-72.3342,46.8144],[-72.344,46.8216],[-72.3515,46.8165],[-72.3526,46.8172],[-72.3552,46.8154],[-72.3666,46.8076],[-72.3716,46.8056],[-72.3923,46.7913],[-72.3035,46.7284],[-72.2422,46.686],[-72.1026,46.5847],[-72.1019,46.5835],[-72.1004,46.5824],[-72.0837,46.5702],[-72.0723,46.5697],[-72.0591,46.5701],[-72.0545,46.5705],[-72.0543,46.5705],[-72.0535,46.5706],[-72.0514,46.5708],[-72.0499,46.571],[-72.0482,46.5712],[-72.0438,46.5719],[-72.0375,46.5731],[-72.0265,46.576],[-72.0187,46.5806],[-71.9812,46.6113],[-71.9267,46.6337],[-71.8831,46.6727],[-71.8609,46.6793],[-71.8304,46.674],[-71.7982,46.6562],[-71.7943,46.6543],[-71.794,46.6541],[-71.7896,46.6522],[-71.7789,46.649],[-71.759,46.6473],[-71.6726,46.6529],[-71.6069,46.6786],[-71.5629,46.685],[-71.4767,46.7101],[-71.4741,46.7106],[-71.4681,46.7117],[-71.467,46.7119],[-71.4458,46.7151],[-71.4377,46.716],[-71.3962,46.7198],[-71.3895,46.7209],[-71.3622,46.7253],[-71.3574,46.7265],[-71.3532,46.728],[-71.345,46.733],[-71.3353,46.7378],[-71.3186,46.7421],[-71.3164,46.7425],[-71.2963,46.7448],[-71.2797,46.7477],[-71.2697,46.751],[-71.2577,46.7577],[-71.2449,46.7653],[-71.239,46.7679],[-71.2272,46.7751],[-71.2232,46.7781],[-71.2141,46.7853],[-71.2133,46.786],[-71.2123,46.7869],[-71.2109,46.7882],[-71.2082,46.7908],[-71.205,46.7942],[-71.2035,46.7959],[-71.2017,46.7979],[-71.2004,46.7996],[-71.1982,46.8026],[-71.1958,46.8069],[-71.1946,46.8302],[-71.1683,46.841],[-71.1292,46.8376],[-71.0772,46.8393],[-71.0093,46.846],[-70.9809,46.8558],[-70.9409,46.8837],[-70.851,46.9161],[-70.7163,46.9939],[-70.6977,47.0138],[-70.6835,47.0542],[-70.6573,47.0779],[-70.5854,47.1164],[-70.5244,47.1648],[-70.5001,47.1899],[-70.4855,47.2166],[-70.4549,47.2535],[-70.394,47.2905],[-70.3228,47.3162],[-70.3095,47.3219],[-70.3004,47.3266],[-70.2884,47.3341],[-70.1983,47.4112],[-70.1495,47.453],[-70.1217,47.4877],[-70.0906,47.542],[-70.0415,47.5878],[-69.9624,47.6339],[-69.9181,47.671],[-69.8967,47.6968],[-69.8399,47.7996],[-69.8066,47.8462],[-69.7198,47.9455],[-69.6732,47.9834],[-69.6373,48.0048],[-69.5806,48.0304],[-69.5484,48.0495],[-69.658,48.112],[-69.7032,48.1278],[-69.8407,48.1528],[-69.8609,48.1666],[-69.8688,48.178],[-69.8703,48.1817],[-69.8711,48.1862]]]},"properties":{"code":"CA-QC-03","name":"Capitale-Nationale","country":"CA"}},
{"type":"Feature","geometry":{"type":"Polygon","coordinates":[[[-74.4733,48.9467],[-74.4956,48.9294],[-74.5564,48.998],[-74.5858,48.9952],[-74.5981,48.9637],[-74.6284,48.9679],[-74.6763,49.0001],[-75,49.0001],[-75.5206,49.0001],[-75.5208,48.6499],[-75.5207,48.4086],[-75.5206,48.2457],[-75.5204,47.8736],[-75.5206,47.8477],[-75.5211,47.7633],[-75.3054,47.7628],[-74.8894,47.7626],[-74.5115,47.7629],[-74.305,47.623],[-73.9574,47.3882],[-73.9804,47.3614],[-73.9964,47.3506],[-73.9959,47.323],[-74.0056,47.3159],[-74.0286,47.1778],[-73.9144,47.0999],[-73.8533,47.1511],[-73.755,47.0667],[-73.7535,47.0622],[-73.6466,46.9386],[-73.6642,46.9284],[-73.661,46.8964],[-73.6738,46.8785],[-73.6675,46.8664],[-73.6279,46.8661],[-73.6022,46.8725],[-73.5467,46.8679],[-73.4933,46.912],[-73.4599,46.9086],[-73.4397,46.8954],[-73.4382,46.8951],[-73.4202,46.8884],[-73.4415,46.8437],[-73.4363,46.8292],[-73.4569,46.7863],[-73.4477,46.7664],[-73.467,46.7095],[-73.442,46.6687],[-73.446,46.5963],[-73.4022,46.5988],[-73.3618,46.6162],[-73.3365,46.6013],[-73.3122,46.5737],[-73.307,46.5552],[-73.283,46.5333],[-73.2884,46.5295],[-73.3282,46.502],[-73.3331,46.4987],[-73.3276,46.4945],[-73.3189,46.4887],[-73.3134,46.485],[-73.2925,46.4702],[-73.2379,46.4325],[-73.2225,46.4229],[-73.1673,46.383],[-73.2039,46.3591],[-73.1917,46.3339],[-73.2281,46.317],[-73.1957,46.2944],[-73.2164,46.2793],[-73.0338,46.1573],[-73.0077,46.1651],[-72.9717,46.1665],[-72.9477,46.1563],[-72.9409,46.1533],[-72.9384,46.1522],[-72.9379,46.152],[-72.9367,46.1515],[-72.9362,46.1512],[-72.9347,46.1526],[-72.9326,46.1546],[-72.9278,46.1584],[-72.9151,46.1668],[-72.8981,46.1752],[-72.8455,46.1945],[-72.7868,46.21],[-72.7481,46.2242],[-72.676,46.2591],[-72.5916,46.2895],[-72.5666,46.302],[-72.5224,46.3413],[-72.4956,46.3546],[-72.4696,46.376],[-72.3787,46.4101],[-72.3329,46.4214],[-72.2921,46.4264],[-72.2548,46.4412],[-72.2419,46.458],[-72.2202,46.5133],[-72.1694,46.5505],[-72.1281,46.5675],[-72.1043,46.5713],[-72.1015,46.5712],[-72.1011,46.5711],[-72.0981,46.571],[-72.0978,46.571],[-72.0923,46.5707],[-72.0907,46.5706],[-72.0897,46.5705],[-72.0885,46.5705],[-72.0856,46.5703],[-72.0837,46.5702],[-72.1019,46.5835],[-72.1026,46.5847],[-72.2422,46.686],[-72.3035,46.7284],[-72.3585,46.7678],[-72.3598,46.7686],[-72.3672,46.7738],[-72.38,46.7827],[-72.3845,46.7858],[-72.3891,46.789],[-72.3923,46.7913],[-72.3716,46.8056],[-72.3666,46.8076],[-72.3552,46.8154],[-72.3526,46.8172],[-72.344,46.8216],[-72.3342,46.8144],[-72.3059,46.8338],[-72.2724,46.8449],[-72.2485,46.8284],[-72.2287,46.8352],[-72.1677,46.8743],[-72.2197,46.9097],[-72.4359,47.0575],[-72.3789,47.0965],[-72.3949,47.1178],[-72.42,47.116],[-72.4333,47.125],[-72.46,47.1431],[-72.5147,47.144],[-72.5442,47.1918],[-72.5419,47.2201],[-72.5137,47.2694],[-72.5067,47.3134],[-72.4739,47.3331],[-72.4886,47.3694],[-72.4626,47.3714],[-72.4151,47.3468],[-72.4137,47.2926],[-72.3584,47.2912],[-72.344,47.2796],[-72.3206,47.303],[-72.2872,47.2917],[-72.2386,47.291],[-72.2058,47.3293],[-72.2022,47.3582],[-72.1844,47.3661],[-72.1415,47.4111],[-72.1739,47.4391],[-72.1633,47.4695],[-72.202,47.4874],[-72.1949,47.4977],[-72.2043,47.5005],[-72.23,47.5308],[-72.2372,47.5352],[-72.2387,47.5356],[-72.2394,47.5359],[-72.2391,47.5361],[-72.2276,47.5439],[-72.1973,47.5644],[-72.1226,47.6148],[-72,47.6973],[-71.924,47.7479],[-71.9187,47.7514],[-71.8906,47.7702],[-71.9962,47.875],[-72.0154,47.8936],[-72.03,47.9078],[-72.0578,47.9348],[-72.0735,47.95],[-72.1236,47.9986],[-72.4513,47.9985],[-72.8034,47.9985],[-73.0177,47.9986],[-73.3646,48.2305],[-73.6436,48.4162],[-73.8344,48.543],[-73.9382,48.6066],[-74.2309,48.7921],[-74.3608,48.8751],[-74.4733,48.9467]]]},"properties":{"code":"CA-QC-04","name":"Mauricie","country":"CA"}},
{"type":"Feature","geometry":{"type":"Polygon","coordinates":[[[-71.1235,45.9544],[-71.1252,45.9552],[-71.1256,45.9554],[-71.1279,45.9565],[-71.1281,45.9566],[-71.1293,45.9572],[-71.1294,45.9573],[-71.1295,45.9573],[-71.1296,45.9574],[-71.1298,45.9574],[-71.1332,45.9541],[-71.1408,45.9467],[-71.1488,45.9388],[-71.1502,45.9374],[-71.1633,45.9244],[-71.1584,45.9187],[-71.1575,45.9177],[-71.1572,45.9172],[-71.1555,45.915],[-71.1552,45.9146],[-71.1534,45.9041],[-71.1542,45.9003],[-71.155,45.8939],[-71.1552,45.8904],[-71.1552,45.8885],[-71.1546,45.8854],[-71.1537,45.8831],[-71.1534,45.8826],[-71.1533,45.8824],[-71.1514,45.8794],[-71.1349,45.86],[-71.1501,45.8464],[-71.1502,45.8463],[-71.1507,45.8414],[-71.1532,45.8365],[-71.1539,45.8359],[-71.1549,45.8351],[-71.1556,45.8344],[-71.1561,45.834],[-71.1568,45.8334],[-71.1568,45.8333],[-71.1567,45.8333],[-71.1567,45.8332],[-71.1568,45.8332],[-71.1568,45.8331],[-71.1569,45.833],[-71.1571,45.833],[-71.1571,45.8329],[-71.1573,45.8328],[-71.1574,45.8327],[-71.1574,45.8326],[-71.1575,45.8324],[-71.1576,45.8324],[-71.1576,45.8323],[-71.1582,45.8319],[-71.1583,45.8318],[-71.1584,45.8317],[-71.1587,45.8314],[-71.1601,45.8301],[-71.1661,45.8251],[-71.1696,45.8222],[-71.1781,45.8151],[-71.1905,45.8231],[-71.212,45.8359],[-71.2289,45.8457],[-71.2317,45.8432],[-71.2393,45.8368],[-71.2436,45.8332],[-71.25,45.834],[-71.279,45.8328],[-71.2941,45.8416],[-71.3094,45.8503],[-71.3243,45.8591],[-71.3277,45.8611],[-71.3487,45.8715],[-71.3505,45.8664],[-71.3521,45.8631],[-71.3507,45.8586],[-71.3466,45.8569],[-71.3414,45.8511],[-71.338,45.8396],[-71.3377,45.8335],[-71.3414,45.8249],[-71.3416,45.8237],[-71.3413,45.8215],[-71.3412,45.8209],[-71.3397,45.8155],[-71.3395,45.8141],[-71.34,45.8109],[-71.3428,45.8054],[-71.3469,45.7998],[-71.351,45.7951],[-71.3517,45.7943],[-71.3568,45.7895],[-71.3782,45.7754],[-71.3801,45.7746],[-71.3817,45.7741],[-71.3839,45.7735],[-71.3843,45.7735],[-71.3858,45.7735],[-71.3866,45.7737],[-71.3874,45.7739],[-71.3896,45.7738],[-71.3907,45.7725],[-71.3917,45.7702],[-71.4021,45.7756],[-71.4297,45.7946],[-71.4311,45.7956],[-71.4361,45.7992],[-71.4597,45.8154],[-71.4614,45.8166],[-71.498,45.7919],[-71.5225,45.8044],[-71.5416,45.7878],[-71.6173,45.8305],[-71.6355,45.8139],[-71.7629,45.8816],[-71.77,45.8853],[-71.8569,45.8034],[-71.8842,45.8044],[-71.8934,45.801],[-71.9047,45.8048],[-71.9213,45.7963],[-71.9846,45.8294],[-72.0296,45.8534],[-72.1392,45.7559],[-72.1459,45.75],[-72.2063,45.6964],[-72.2328,45.7358],[-72.2271,45.7561],[-72.2816,45.7107],[-72.2975,45.6995],[-72.3108,45.6885],[-72.3087,45.6874],[-72.3003,45.6827],[-72.2955,45.6796],[-72.2819,45.6721],[-72.2371,45.6463],[-72.2475,45.6367],[-72.2976,45.5894],[-72.3156,45.5992],[-72.3434,45.5991],[-72.3594,45.5894],[-72.3608,45.5672],[-72.3781,45.5664],[-72.3786,45.5294],[-72.4028,45.5286],[-72.404,45.4492],[-72.4545,45.4515],[-72.449,45.4937],[-72.5461,45.4968],[-72.5856,45.4983],[-72.5835,45.5255],[-72.6051,45.5376],[-72.6762,45.5388],[-72.6906,45.5238],[-72.7732,45.5248],[-72.7728,45.5384],[-72.79,45.5384],[-72.7997,45.538],[-72.7998,45.5378],[-72.8024,45.5297],[-72.8033,45.5272],[-72.8122,45.4964],[-72.8238,45.4312],[-72.883,45.2656],[-72.9895,45.3416],[-73.0103,45.3302],[-73.0336,45.3256],[-73.0353,45.3257],[-73.0437,45.326],[-73.0463,45.3261],[-73.0488,45.3253],[-73.0489,45.3253],[-73.0478,45.3113],[-73.0161,45.2893],[-73.0156,45.272],[-73.0462,45.2934],[-73.0497,45.2774],[-73.0635,45.2678],[-73.0681,45.2296],[-73.0583,45.2146],[-73.0859,45.1917],[-73.0856,45.1758],[-73.0859,45.1401],[-73.0886,45.1401],[-73.0951,45.1401],[-73.1012,45.1401],[-73.0972,45.1016],[-73.1158,45.0971],[-73.1152,45.0819],[-73.1118,45.0731],[-73.1399,45.0144],[-73.0653,45.016],[-72.9669,45.0141],[-72.847,45.0167],[-72.6347,45.0147],[-72.5554,45.008],[-72.4504,45.0086],[-72.3119,45.0038],[-71.914,45.0076],[-71.7541,45.0113],[-71.501,45.0134],[-71.4909,45.0432],[-71.4957,45.0648],[-71.4654,45.0875],[-71.4502,45.1105],[-71.4266,45.127],[-71.4333,45.1483],[-71.3975,45.2031],[-71.42,45.2327],[-71.3565,45.2539],[-71.3632,45.2667],[-71.3364,45.2727],[-71.2879,45.3009],[-71.2662,45.2914],[-71.2588,45.2719],[-71.2306,45.2494],[-71.2025,45.2543],[-71.1768,45.244],[-71.1623,45.2503],[-71.1329,45.2445],[-71.0982,45.3017],[-71.0655,45.3125],[-71.0327,45.3102],[-70.9891,45.3341],[-70.9452,45.3257],[-70.9178,45.3117],[-70.912,45.2963],[-70.9211,45.2788],[-70.8847,45.2349],[-70.8575,45.2291],[-70.8489,45.2631],[-70.8301,45.2907],[-70.8124,45.302],[-70.8061,45.3216],[-70.8199,45.3402],[-70.8029,45.365],[-70.8257,45.4003],[-70.7814,45.4312],[-70.744,45.4212],[-70.7436,45.4119],[-70.712,45.3905],[-70.6782,45.3943],[-70.6504,45.3772],[-70.6245,45.4061],[-70.6279,45.4226],[-70.6507,45.4449],[-70.6811,45.4522],[-70.6917,45.4743],[-70.7178,45.4902],[-70.7111,45.5195],[-70.6849,45.5509],[-70.6892,45.5622],[-70.659,45.5873],[-70.6453,45.6064],[-70.6191,45.612],[-70.5529,45.6679],[-70.5264,45.6664],[-70.4655,45.7065],[-70.4392,45.7039],[-70.4003,45.7197],[-70.3881,45.7482],[-70.407,45.7625],[-70.416,45.7991],[-70.4218,45.8067],[-70.4341,45.8023],[-70.4483,45.7973],[-70.4748,45.7946],[-70.482,45.804],[-70.4867,45.8102],[-70.4941,45.8197],[-70.4997,45.8268],[-70.5315,45.8151],[-70.5331,45.8145],[-70.5356,45.8136],[-70.5562,45.8058],[-70.5658,45.8023],[-70.5752,45.799],[-70.6334,45.7808],[-70.6382,45.7875],[-70.6395,45.7893],[-70.6411,45.7916],[-70.6488,45.8022],[-70.6508,45.8027],[-70.6511,45.8027],[-70.6537,45.8027],[-70.6531,45.7986],[-70.653,45.7983],[-70.6528,45.797],[-70.6529,45.7967],[-70.6534,45.7958],[-70.6554,45.7937],[-70.6563,45.7919],[-70.6564,45.7916],[-70.6567,45.7911],[-70.6576,45.7898],[-70.6578,45.7896],[-70.6595,45.7873],[-70.6608,45.786],[-70.6614,45.7855],[-70.6685,45.7834],[-70.6706,45.7833],[-70.6832,45.7829],[-70.6904,45.7827],[-70.6991,45.7826],[-70.721,45.7822],[-70.7243,45.7821],[-70.7308,45.782],[-70.7396,45.7819],[-70.7503,45.7818],[-70.7659,45.7816],[-70.7726,45.7815],[-70.7787,45.7814],[-70.7901,45.7813],[-70.802,45.7812],[-70.8208,45.781],[-70.8305,45.7809],[-70.8347,45.7808],[-70.8431,45.7807],[-70.8482,45.7806],[-70.8574,45.7805],[-70.872,45.7803],[-70.8956,45.78],[-70.8961,45.7895],[-70.8962,45.7942],[-70.8966,45.8014],[-70.897,45.811],[-70.8978,45.8252],[-70.898,45.8323],[-70.8983,45.8394],[-70.9148,45.8416],[-70.9151,45.8384],[-70.9228,45.8395],[-70.9249,45.8405],[-70.9338,45.8445],[-70.9357,45.8454],[-70.9478,45.8354],[-70.9482,45.8356],[-70.9538,45.8384],[-70.9602,45.8415],[-70.9609,45.8418],[-70.9621,45.8425],[-70.9624,45.8426],[-70.9643,45.8435],[-70.9654,45.8441],[-70.9668,45.8448],[-70.9688,45.8457],[-70.9709,45.8468],[-70.973,45.8478],[-70.9734,45.848],[-70.9742,45.8484],[-70.9743,45.8485],[-70.9766,45.8495],[-70.9772,45.8498],[-70.9779,45.8501],[-70.9902,45.8399],[-70.9932,45.8413],[-70.9941,45.8418],[-71.0095,45.8496],[-71.025,45.8572],[-71.0293,45.8593],[-71.0218,45.8665],[-71.019,45.8702],[-71.0196,45.8704],[-71.021,45.8711],[-71.0211,45.8711],[-71.0214,45.8712],[-71.0218,45.8712],[-71.022,45.8713],[-71.0226,45.8716],[-71.024,45.8723],[-71.0265,45.8735],[-71.0277,45.8741],[-71.0297,45.8752],[-71.0301,45.8754],[-71.035,45.8779],[-71.0348,45.8779],[-71.0504,45.8856],[-71.0514,45.8861],[-71.0599,45.8903],[-71.067,45.8938],[-71.0787,45.8996],[-71.0805,45.9005],[-71.086,45.9032],[-71.0901,45.9052],[-71.0924,45.9063],[-71.0823,45.9181],[-71.0812,45.9176],[-71.0757,45.9232],[-71.0707,45.9283],[-71.0776,45.9317],[-71.0797,45.9327],[-71.08,45.9329],[-71.0801,45.9329],[-71.0878,45.9367],[-71.0899,45.9379],[-71.0915,45.9386],[-71.093,45.9393],[-71.0983,45.9419],[-71.1027,45.9441],[-71.1053,45.9454],[-71.1071,45.9462],[-71.1084,45.9469],[-71.1085,45.947],[-71.112,45.9486],[-71.1143,45.9498],[-71.1156,45.9505],[-71.1164,45.9508],[-71.1168,45.951],[-71.1235,45.9544]]]},"properties":{"code":"CA-QC-05","name":"Estrie","country":"CA"}},
{"type":"Feature","geometry":{"type":"Polygon","coordinates":[[[-73.5006,45.6051],[-73.4764,45.6474],[-73.4862,45.6826],[-73.4747,45.7003],[-73.4999,45.7045],[-73.5077,45.7025],[-73.5191,45.7],[-73.5215,45.6989],[-73.5231,45.6979],[-73.5252,45.6962],[-73.5267,45.6943],[-73.5276,45.6926],[-73.531,45.6853],[-73.5404,45.6777],[-73.6129,45.6428],[-73.6304,45.6286],[-73.6452,45.601],[-73.6825,45.5515],[-73.698,45.5489],[-73.7661,45.5114],[-73.8079,45.517],[-73.8901,45.522],[-73.8924,45.5228],[-73.8949,45.5245],[-73.8958,45.5252],[-73.8961,45.5255],[-73.9105,45.521],[-73.9128,45.5192],[-73.9155,45.5167],[-73.9194,45.5137],[-73.9334,45.5075],[-73.9674,45.4716],[-73.9779,45.4644],[-73.9875,45.4604],[-73.9966,45.4575],[-73.9962,45.4568],[-73.9959,45.4562],[-73.9948,45.4543],[-73.9898,45.4439],[-73.9868,45.4359],[-73.9827,45.4178],[-73.9503,45.4013],[-73.9189,45.3983],[-73.8961,45.4098],[-73.8562,45.4013],[-73.8222,45.3854],[-73.7963,45.4077],[-73.7824,45.4149],[-73.764,45.4192],[-73.6699,45.4224],[-73.6387,45.4098],[-73.5596,45.4191],[-73.5409,45.4273],[-73.5223,45.4506],[-73.5297,45.4917],[-73.5192,45.4952],[-73.5314,45.5365],[-73.5016,45.5747],[-73.5006,45.6051]]]},"properties":{"code":"CA-QC-06","name":"Montréal","country":"CA"}},
{"type":"Feature","geometry":{"type":"Polygon","coordinates":[[[-75.6677,47.8475],[-75.7254,47.8475],[-75.7509,47.8266],[-75.7729,47.8179],[-75.7883,47.7912],[-75.7774,47.7577],[-75.7857,47.7255],[-75.7976,47.7089],[-75.7864,47.6821],[-75.8267,47.6991],[-75.8478,47.7138],[-75.8284,47.7355],[-75.837,47.75],[-75.8318,47.7675],[-75.8663,47.7799],[-75.8668,47.8002],[-75.9354,47.7996],[-75.9853,47.7721],[-75.9824,47.7449],[-76.0158,47.7237],[-76.1444,47.7176],[-76.1769,47.7247],[-76.1764,47.7367],[-76.1954,47.7267],[-76.2169,47.7296],[-76.2426,47.7183],[-76.2584,47.6963],[-76.2896,47.6871],[-76.3071,47.6664],[-76.3763,47.652],[-76.3889,47.6555],[-76.4065,47.6394],[-76.426,47.6403],[-76.4809,47.6116],[-76.4821,47.5999],[-76.4214,47.6066],[-76.4076,47.5623],[-76.4179,47.5182],[-76.4263,47.513],[-76.5179,47.5666],[-76.5754,47.604],[-76.5757,47.2898],[-77.002,47.2902],[-77.0023,47.1453],[-77.1506,47.1453],[-77.4327,47.1447],[-77.4326,47.2903],[-77.6473,47.2903],[-77.6473,47.2693],[-77.9289,47.2694],[-77.9297,47.2668],[-77.929,47.2656],[-77.9287,47.2658],[-77.9244,47.2666],[-77.9243,47.2636],[-77.9215,47.2621],[-77.9197,47.2611],[-77.9149,47.2579],[-77.9185,47.2566],[-77.9155,47.256],[-77.917,47.2539],[-77.9177,47.2542],[-77.9154,47.2507],[-77.9141,47.2507],[-77.9137,47.2506],[-77.9072,47.2486],[-77.9058,47.2475],[-77.9013,47.2441],[-77.8762,47.2444],[-77.8725,47.2434],[-77.8718,47.2433],[-77.8694,47.2433],[-77.8677,47.2427],[-77.8611,47.2382],[-77.8585,47.2363],[-77.8569,47.2317],[-77.8566,47.2294],[-77.8568,47.2279],[-77.8565,47.2257],[-77.8567,47.2228],[-77.857,47.2222],[-77.8572,47.2218],[-77.8559,47.2171],[-77.8566,47.2146],[-77.8555,47.2134],[-77.8551,47.2095],[-77.8556,47.2091],[-77.8516,47.199],[-77.8525,47.1918],[-77.851,47.1803],[-77.851,47.1794],[-77.8494,47.1783],[-77.8543,47.1727],[-77.8536,47.1681],[-77.8545,47.1671],[-77.8538,47.1665],[-77.8535,47.1652],[-77.8484,47.1562],[-77.8515,47.1526],[-77.8471,47.1498],[-77.8499,47.1485],[-77.8511,47.1477],[-77.8503,47.1451],[-77.8494,47.1453],[-77.846,47.1401],[-77.8438,47.1329],[-77.845,47.1306],[-77.8443,47.1285],[-77.843,47.1282],[-77.8427,47.1273],[-77.8455,47.123],[-77.8447,47.1215],[-77.8433,47.1204],[-77.843,47.1206],[-77.8417,47.12],[-77.8429,47.1192],[-77.8459,47.1153],[-77.8458,47.1128],[-77.8443,47.1111],[-77.8453,47.1091],[-77.8405,47.1069],[-77.8354,47.1065],[-77.8323,47.1071],[-77.8316,47.1074],[-77.8264,47.1081],[-77.8279,47.1078],[-77.8281,47.1074],[-77.8285,47.1071],[-77.8293,47.107],[-77.8325,47.1057],[-77.8312,47.1054],[-77.8311,47.1049],[-77.8322,47.1028],[-77.8327,47.1023],[-77.8337,47.1021],[-77.834,47.1015],[-77.8341,47.1013],[-77.8331,47.1004],[-77.8334,47.0997],[-77.8343,47.0997],[-77.8335,47.0993],[-77.8333,47.0974],[-77.8341,47.0955],[-77.8335,47.0952],[-77.8336,47.0947],[-77.8339,47.0944],[-77.8342,47.0939],[-77.8334,47.0921],[-77.8345,47.0916],[-77.8335,47.0911],[-77.8345,47.0908],[-77.8365,47.0892],[-77.835,47.0884],[-77.8279,47.0783],[-77.8295,47.0722],[-77.829,47.0664],[-77.8286,47.0594],[-77.8324,47.0573],[-77.8326,47.0553],[-77.8352,47.0546],[-77.8376,47.0532],[-77.8377,47.0525],[-77.8342,47.0496],[-77.8406,47.0432],[-77.8442,47.0398],[-77.845,47.0345],[-77.8456,47.0282],[-77.8462,47.0258],[-77.8484,47.0203],[-77.8505,47.0161],[-77.8494,47.0134],[-77.8471,47.0054],[-77.8448,47.0073],[-77.8438,47.0097],[-77.8446,47.0112],[-77.844,47.0115],[-77.8365,47.0181],[-77.8362,47.0185],[-77.8335,47.0188],[-77.8334,47.0179],[-77.8339,47.016],[-77.8336,47.0151],[-77.8343,47.0137],[-77.8285,47.0151],[-77.8329,47.0093],[-77.8355,47.0062],[-77.8377,47.0032],[-77.8433,46.9954],[-77.8441,46.9939],[-77.8442,46.9846],[-77.8411,46.9683],[-77.8368,46.9675],[-77.843,46.9519],[-77.8429,46.9473],[-77.8425,46.9431],[-77.8381,46.9352],[-77.8359,46.932],[-77.8358,46.9301],[-77.8347,46.9199],[-77.8354,46.9169],[-77.8409,46.9109],[-77.8405,46.9068],[-77.8425,46.9026],[-77.8435,46.902],[-77.8465,46.8767],[-77.8477,46.875],[-77.8495,46.8733],[-77.8492,46.879],[-77.8495,46.8796],[-77.8498,46.8813],[-77.8496,46.8938],[-77.8487,46.8954],[-77.8445,46.902],[-77.8453,46.9037],[-77.8454,46.9044],[-77.8449,46.908],[-77.8438,46.9087],[-77.8447,46.9174],[-77.8451,46.9181],[-77.8462,46.9296],[-77.8471,46.9335],[-77.8578,46.9407],[-77.8663,46.9132],[-77.8668,46.9124],[-77.8694,46.9086],[-77.8749,46.9034],[-77.8877,46.8865],[-77.88,46.8819],[-77.882,46.8801],[-77.881,46.8788],[-77.8812,46.8777],[-77.8813,46.8735],[-77.8828,46.8649],[-77.8819,46.8636],[-77.8828,46.8633],[-77.8883,46.8577],[-77.8898,46.8482],[-77.8916,46.8462],[-77.8875,46.8385],[-77.8809,46.8325],[-77.8783,46.8316],[-77.8769,46.8305],[-77.8869,46.8315],[-77.8887,46.8314],[-77.8899,46.8317],[-77.8914,46.8316],[-77.891,46.8307],[-77.8893,46.8285],[-77.891,46.8294],[-77.8923,46.8296],[-77.8927,46.8309],[-77.894,46.8291],[-77.8884,46.8257],[-77.8796,46.8222],[-77.8788,46.8229],[-77.8757,46.8246],[-77.8736,46.8237],[-77.8648,46.8205],[-77.8626,46.8197],[-77.8608,46.8202],[-77.857,46.8193],[-77.8547,46.818],[-77.8537,46.818],[-77.8544,46.8187],[-77.854,46.8208],[-77.8489,46.817],[-77.8494,46.8125],[-77.8465,46.818],[-77.846,46.8181],[-77.8462,46.8186],[-77.8459,46.8192],[-77.8273,46.8192],[-77.8269,46.8216],[-77.8341,46.8275],[-77.8359,46.8279],[-77.8368,46.828],[-77.8376,46.8284],[-77.8365,46.8307],[-77.8333,46.8291],[-77.8261,46.8241],[-77.8236,46.8233],[-77.8217,46.8179],[-77.8229,46.8147],[-77.8195,46.8095],[-77.8205,46.8081],[-77.8287,46.8058],[-77.8307,46.8073],[-77.8313,46.8018],[-77.8355,46.7977],[-77.8373,46.7913],[-77.8318,46.7821],[-77.8325,46.7811],[-77.8365,46.7753],[-77.8381,46.7734],[-77.8372,46.7736],[-77.8314,46.7689],[-77.8299,46.7669],[-77.8257,46.7644],[-77.825,46.7638],[-77.8287,46.7646],[-77.8298,46.7634],[-77.8322,46.7626],[-77.8293,46.7604],[-77.8301,46.7575],[-77.8318,46.7545],[-77.8315,46.7531],[-77.8298,46.7515],[-77.8304,46.7505],[-77.8285,46.7321],[-77.825,46.7261],[-77.8253,46.7253],[-77.8248,46.7249],[-77.8258,46.7227],[-77.8262,46.7223],[-77.8286,46.7205],[-77.8226,46.7169],[-77.8217,46.7166],[-77.8194,46.7147],[-77.8197,46.714],[-77.8209,46.7146],[-77.8225,46.7146],[-77.8186,46.7082],[-77.8192,46.7059],[-77.8234,46.7062],[-77.8236,46.7063],[-77.8235,46.7038],[-77.8227,46.7014],[-77.8264,46.6975],[-77.8301,46.6953],[-77.8326,46.6955],[-77.8354,46.6963],[-77.8363,46.6962],[-77.8369,46.6942],[-77.8357,46.689],[-77.8353,46.6891],[-77.8336,46.6866],[-77.8332,46.683],[-77.8343,46.6807],[-77.8365,46.6776],[-77.8385,46.6773],[-77.8392,46.677],[-77.8447,46.6741],[-77.8451,46.6719],[-77.8471,46.6707],[-77.8534,46.6618],[-77.854,46.6615],[-77.8612,46.6572],[-77.8589,46.6505],[-77.8589,46.6492],[-77.8575,46.6471],[-77.8568,46.6462],[-77.8562,46.6426],[-77.8543,46.6431],[-77.8537,46.6427],[-77.8522,46.6423],[-77.8523,46.642],[-77.8488,46.6395],[-77.8482,46.6382],[-77.839,46.6306],[-77.8371,46.6296],[-77.8152,46.6177],[-77.8148,46.617],[-77.8046,46.6111],[-77.8033,46.6108],[-77.794,46.6099],[-77.7885,46.6061],[-77.7822,46.5924],[-77.7763,46.5873],[-77.7757,46.5829],[-77.7786,46.5804],[-77.7797,46.5774],[-77.7849,46.5734],[-77.7858,46.5663],[-77.7814,46.5537],[-77.7793,46.5477],[-77.7761,46.5447],[-77.7701,46.5428],[-77.7691,46.5389],[-77.7681,46.537],[-77.7777,46.5207],[-77.7776,46.5195],[-77.7761,46.5182],[-77.7757,46.5186],[-77.7698,46.5163],[-77.7663,46.5168],[-77.7583,46.513],[-77.7578,46.5103],[-77.7565,46.5043],[-77.7609,46.5036],[-77.7614,46.5039],[-77.7625,46.503],[-77.7622,46.502],[-77.7604,46.5016],[-77.7589,46.5013],[-77.758,46.5005],[-77.7571,46.496],[-77.759,46.493],[-77.7576,46.492],[-77.7577,46.4922],[-77.7568,46.4924],[-77.7566,46.4917],[-77.7584,46.4901],[-77.7611,46.4863],[-77.762,46.4814],[-77.7649,46.4746],[-77.7635,46.4743],[-77.7626,46.4743],[-77.7628,46.4736],[-77.7636,46.4728],[-77.7664,46.4624],[-77.7713,46.4579],[-77.774,46.4554],[-77.7735,46.4518],[-77.7724,46.4512],[-77.7697,46.4475],[-77.7672,46.4461],[-77.765,46.4486],[-77.7651,46.4503],[-77.7641,46.4496],[-77.7651,46.448],[-77.7662,46.4466],[-77.7661,46.4461],[-77.7621,46.4379],[-77.7624,46.437],[-77.7622,46.437],[-77.7635,46.4345],[-77.7634,46.433],[-77.7642,46.4329],[-77.7615,46.4285],[-77.7613,46.4286],[-77.7624,46.4327],[-77.7571,46.4249],[-77.7571,46.4239],[-77.7567,46.4223],[-77.7524,46.4186],[-77.7511,46.417],[-77.7495,46.4162],[-77.75,46.4173],[-77.7419,46.4111],[-77.7416,46.4064],[-77.7405,46.4031],[-77.7414,46.4039],[-77.7424,46.401],[-77.7433,46.4015],[-77.7438,46.4006],[-77.7461,46.4007],[-77.7452,46.4001],[-77.7423,46.3988],[-77.7455,46.397],[-77.7523,46.3957],[-77.7501,46.3956],[-77.7524,46.3941],[-77.7534,46.3939],[-77.7666,46.3886],[-77.7685,46.3847],[-77.7713,46.3807],[-77.771,46.3811],[-77.7718,46.3783],[-77.7717,46.3778],[-77.7857,46.3664],[-77.7871,46.3652],[-77.7889,46.3651],[-77.7994,46.3612],[-77.8094,46.3546],[-77.8095,46.3542],[-77.8125,46.3498],[-77.8145,46.3451],[-77.8237,46.3348],[-77.8252,46.3336],[-77.825,46.3333],[-77.827,46.322],[-77.8281,46.3211],[-77.838,46.3153],[-77.8377,46.3113],[-77.8393,46.3075],[-77.839,46.3072],[-77.8405,46.3046],[-77.8463,46.2936],[-77.8423,46.2925],[-77.8417,46.292],[-77.8506,46.2783],[-77.853,46.2777],[-77.8533,46.2772],[-77.8507,46.2716],[-77.8545,46.2656],[-77.8534,46.264],[-77.8527,46.2623],[-77.8507,46.2613],[-77.8517,46.2384],[-77.8535,46.2368],[-77.8531,46.2351],[-77.8536,46.2338],[-77.8529,46.2303],[-77.8512,46.225],[-77.8487,46.2214],[-77.848,46.2208],[-77.8472,46.216],[-77.8416,46.2064],[-77.8012,46.2027],[-77.7795,46.1936],[-77.7224,46.1929],[-77.6942,46.1824],[-77.6678,46.1951],[-77.5685,46.1579],[-77.4997,46.1219],[-77.3777,46.065],[-77.3145,46.0284],[-77.2775,46.0135],[-77.2873,45.9782],[-77.2733,45.9451],[-77.2394,45.9238],[-77.2046,45.8788],[-77.1188,45.8406],[-77.0901,45.8369],[-77.0643,45.8253],[-77.0459,45.8083],[-77.028,45.8079],[-76.9919,45.7868],[-76.935,45.794],[-76.9107,45.8143],[-76.9245,45.8415],[-76.9028,45.8552],[-76.9218,45.8692],[-76.9297,45.8901],[-76.8936,45.8978],[-76.8413,45.891],[-76.8036,45.8755],[-76.7818,45.874],[-76.7649,45.8491],[-76.7648,45.806],[-76.7805,45.7853],[-76.7528,45.7247],[-76.7051,45.7218],[-76.6863,45.687],[-76.7096,45.6673],[-76.6826,45.6316],[-76.67,45.625],[-76.6738,45.584],[-76.6571,45.559],[-76.606,45.5324],[-76.4956,45.514],[-76.4258,45.4915],[-76.3755,45.4605],[-76.3472,45.4563],[-76.273,45.4689],[-76.2391,45.4707],[-76.2342,45.5059],[-76.2057,45.5179],[-76.1649,45.5148],[-76.1251,45.5191],[-76.0844,45.5143],[-76.0478,45.498],[-75.9836,45.4758],[-75.9127,45.4201],[-75.8534,45.3784],[-75.815,45.3734],[-75.7831,45.3844],[-75.7584,45.4118],[-75.706,45.4239],[-75.6988,45.4432],[-75.6778,45.4604],[-75.5785,45.4743],[-75.5485,45.4847],[-75.5296,45.4996],[-75.4766,45.5156],[-75.3864,45.5258],[-75.3089,45.5508],[-75.2399,45.5861],[-75.2066,45.5877],[-75.1705,45.577],[-75.1265,45.5771],[-75.0737,45.591],[-75.0275,45.5964],[-74.9774,45.6164],[-74.9454,45.6425],[-74.9306,45.6454],[-74.8508,45.6377],[-74.8079,45.6383],[-74.7711,45.7608],[-74.7407,45.8348],[-74.7267,45.8517],[-74.7146,45.8879],[-74.7102,45.9319],[-74.6982,45.9718],[-74.7632,45.9727],[-74.7642,45.9463],[-74.8017,45.9448],[-74.8077,45.9731],[-74.8317,45.9732],[-74.8371,46.0169],[-74.8582,46.0167],[-74.8587,46.063],[-74.9391,46.0623],[-74.9394,46.1058],[-75.0899,46.1033],[-75.0752,46.2153],[-75.1174,46.2152],[-75.1166,46.1848],[-75.1376,46.1849],[-75.1373,46.1606],[-75.1563,46.1606],[-75.1559,46.1323],[-75.177,46.1323],[-75.1764,46.1034],[-75.2132,46.0981],[-75.4083,46.0976],[-75.4083,45.9732],[-75.6,45.9714],[-75.6204,45.9824],[-75.6625,45.9825],[-75.666,45.9703],[-75.7377,45.9702],[-75.7773,45.9529],[-75.7765,45.9826],[-75.7125,46.0231],[-75.7635,46.0227],[-75.7683,46.1738],[-75.799,46.1741],[-75.81,46.1935],[-75.8131,46.2249],[-75.7841,46.278],[-75.7884,46.2909],[-75.8142,46.3061],[-75.7066,46.3087],[-75.7056,46.4388],[-75.7452,46.4383],[-75.7486,46.6649],[-75.7475,46.8448],[-75.811,46.8449],[-75.829,46.8243],[-75.8588,46.8142],[-75.897,46.8181],[-75.9182,46.8468],[-75.9724,46.8789],[-75.9944,46.8878],[-76.0362,46.8893],[-76.1304,46.9229],[-76.1363,46.9492],[-76.1312,46.9874],[-76.1477,47.0044],[-76.131,47.0196],[-76.108,47.0263],[-76.099,47.0503],[-76.0998,47.0989],[-76.0913,47.1308],[-76.1027,47.1747],[-76.0948,47.1873],[-76.0551,47.1986],[-76.0236,47.189],[-75.9786,47.2043],[-75.8659,47.2929],[-75.8276,47.3125],[-75.7957,47.3184],[-75.7473,47.2933],[-75.7478,47.2729],[-75.7115,47.2705],[-75.6807,47.2848],[-75.6478,47.2818],[-75.6466,47.2532],[-75.6233,47.2274],[-75.6264,47.1808],[-75.5948,47.1854],[-75.561,47.2069],[-75.5126,47.2584],[-75.479,47.2765],[-75.4574,47.3181],[-75.4739,47.3389],[-75.4548,47.3751],[-75.3896,47.4276],[-75.3823,47.4596],[-75.368,47.4852],[-75.308,47.5475],[-75.3134,47.5554],[-75.3565,47.5669],[-75.3641,47.598],[-75.3541,47.61],[-75.3795,47.6224],[-75.4142,47.5886],[-75.4289,47.6162],[-75.4193,47.6301],[-75.4465,47.6567],[-75.5222,47.7099],[-75.5425,47.7563],[-75.5211,47.7633],[-75.5206,47.8477],[-75.6677,47.8475]]]},"properties":{"code":"CA-QC-07","name":"Outaouais","country":"CA"}},
{"type":"Feature","geometry":{"type":"Polygon","coordinates":[[[-75.5207,48.4086],[-75.5208,48.6499],[-75.5206,49.0001],[-75.7496,49.0001],[-75.9997,49.0001],[-76.1247,49.0001],[-76.3747,49.0001],[-76.7497,49.0001],[-76.9997,49.0001],[-77.3747,49.0001],[-77.6247,49.0001],[-78.1137,49.0001],[-78.4244,49.0001],[-78.7529,49.0001],[-78.7529,49.0092],[-78.9033,49.0095],[-78.9033,48.9996],[-78.9499,48.9997],[-78.9661,48.9998],[-78.9713,48.9998],[-79.0535,49],[-79.0535,49.0093],[-79.5178,49.0091],[-79.5176,48.7501],[-79.5174,48.3752],[-79.5176,48.0001],[-79.5176,47.7501],[-79.5172,47.5334],[-79.5568,47.5136],[-79.5565,47.4886],[-79.5766,47.4522],[-79.5793,47.4326],[-79.5654,47.3928],[-79.5511,47.3723],[-79.5128,47.3446],[-79.5009,47.3227],[-79.4525,47.2825],[-79.429,47.2408],[-79.4391,47.2172],[-79.429,47.1879],[-79.4395,47.157],[-79.4466,47.1104],[-79.4273,47.0742],[-79.384,47.0343],[-79.3515,47.0129],[-79.3373,46.9707],[-79.3146,46.9329],[-79.2766,46.895],[-79.2606,46.886],[-79.2135,46.8328],[-79.169,46.8235],[-79.1417,46.7837],[-79.1187,46.7314],[-79.1006,46.7115],[-79.0946,46.6898],[-79.0733,46.6642],[-79.0156,46.6315],[-79.0082,46.6052],[-78.9943,46.5934],[-78.9979,46.5768],[-78.9879,46.547],[-78.9403,46.5086],[-78.9177,46.4818],[-78.8547,46.4412],[-78.7951,46.42],[-78.7572,46.3947],[-78.7301,46.3854],[-78.7226,46.3708],[-78.729,46.3463],[-78.7113,46.325],[-78.6929,46.3187],[-78.6024,46.3192],[-78.5054,46.2952],[-78.419,46.2953],[-78.3787,46.2882],[-78.3313,46.2581],[-78.3086,46.2532],[-78.2601,46.2739],[-78.2203,46.2702],[-78.1744,46.2769],[-78.1291,46.2728],[-78.1169,46.2634],[-78.0578,46.2406],[-77.9898,46.2477],[-77.937,46.2276],[-77.8472,46.216],[-77.848,46.2208],[-77.8487,46.2214],[-77.8512,46.225],[-77.8529,46.2303],[-77.8536,46.2338],[-77.8531,46.2351],[-77.8535,46.2368],[-77.8517,46.2384],[-77.8507,46.2613],[-77.8527,46.2623],[-77.8534,46.264],[-77.8545,46.2656],[-77.8507,46.2716],[-77.8533,46.2772],[-77.853,46.2777],[-77.8506,46.2783],[-77.8417,46.292],[-77.8423,46.2925],[-77.8463,46.2936],[-77.8405,46.3046],[-77.839,46.3072],[-77.8393,46.3075],[-77.8377,46.3113],[-77.838,46.3153],[-77.8281,46.3211],[-77.827,46.322],[-77.825,46.3333],[-77.8252,46.3336],[-77.8237,46.3348],[-77.8145,46.3451],[-77.8125,46.3498],[-77.8095,46.3542],[-77.8094,46.3546],[-77.7994,46.3612],[-77.7889,46.3651],[-77.7871,46.3652],[-77.7857,46.3664],[-77.7717,46.3778],[-77.7718,46.3783],[-77.771,46.3811],[-77.7713,46.3807],[-77.7685,46.3847],[-77.7666,46.3886],[-77.7534,46.3939],[-77.7524,46.3941],[-77.7501,46.3956],[-77.7523,46.3957],[-77.7455,46.397],[-77.7423,46.3988],[-77.7452,46.4001],[-77.7461,46.4007],[-77.7438,46.4006],[-77.7433,46.4015],[-77.7424,46.401],[-77.7414,46.4039],[-77.7405,46.4031],[-77.7416,46.4064],[-77.7419,46.4111],[-77.75,46.4173],[-77.7495,46.4162],[-77.7511,46.417],[-77.7524,46.4186],[-77.7567,46.4223],[-77.7571,46.4239],[-77.7571,46.4249],[-77.7624,46.4327],[-77.7613,46.4286],[-77.7615,46.4285],[-77.7642,46.4329],[-77.7634,46.433],[-77.7635,46.4345],[-77.7622,46.437],[-77.7624,46.437],[-77.7621,46.4379],[-77.7661,46.4461],[-77.7662,46.4466],[-77.7651,46.448],[-77.7641,46.4496],[-77.7651,46.4503],[-77.765,46.4486],[-77.7672,46.4461],[-77.7697,46.4475],[-77.7724,46.4512],[-77.7735,46.4518],[-77.774,46.4554],[-77.7713,46.4579],[-77.7664,46.4624],[-77.7636,46.4728],[-77.7628,46.4736],[-77.7626,46.4743],[-77.7635,46.4743],[-77.7649,46.4746],[-77.762,46.4814],[-77.7611,46.4863],[-77.7584,46.4901],[-77.7566,46.4917],[-77.7568,46.4924],[-77.7577,46.4922],[-77.7576,46.492],[-77.759,46.493],[-77.7571,46.496],[-77.758,46.5005],[-77.7589,46.5013],[-77.7604,46.5016],[-77.7622,46.502],[-77.7625,46.503],[-77.7614,46.5039],[-77.7609,46.5036],[-77.7565,46.5043],[-77.7578,46.5103],[-77.7583,46.513],[-77.7663,46.5168],[-77.7698,46.5163],[-77.7757,46.5186],[-77.7761,46.5182],[-77.7776,46.5195],[-77.7777,46.5207],[-77.7681,46.537],[-77.7691,46.5389],[-77.7701,46.5428],[-77.7761,46.5447],[-77.7793,46.5477],[-77.7814,46.5537],[-77.7858,46.5663],[-77.7849,46.5734],[-77.7797,46.5774],[-77.7786,46.5804],[-77.7757,46.5829],[-77.7763,46.5873],[-77.7822,46.5924],[-77.7885,46.6061],[-77.794,46.6099],[-77.8033,46.6108],[-77.8046,46.6111],[-77.8148,46.617],[-77.8152,46.6177],[-77.8371,46.6296],[-77.839,46.6306],[-77.8482,46.6382],[-77.8488,46.6395],[-77.8523,46.642],[-77.8522,46.6423],[-77.8537,46.6427],[-77.8543,46.6431],[-77.8562,46.6426],[-77.8568,46.6462],[-77.8575,46.6471],[-77.8589,46.6492],[-77.8589,46.6505],[-77.8612,46.6572],[-77.854,46.6615],[-77.8534,46.6618],[-77.8471,46.6707],[-77.8451,46.6719],[-77.8447,46.6741],[-77.8392,46.677],[-77.8385,46.6773],[-77.8365,46.6776],[-77.8343,46.6807],[-77.8332,46.683],[-77.8336,46.6866],[-77.8353,46.6891],[-77.8357,46.689],[-77.8369,46.6942],[-77.8363,46.6962],[-77.8354,46.6963],[-77.8326,46.6955],[-77.8301,46.6953],[-77.8264,46.6975],[-77.8227,46.7014],[-77.8235,46.7038],[-77.8236,46.7063],[-77.8234,46.7062],[-77.8192,46.7059],[-77.8186,46.7082],[-77.8225,46.7146],[-77.8209,46.7146],[-77.8197,46.714],[-77.8194,46.7147],[-77.8217,46.7166],[-77.8226,46.7169],[-77.8286,46.7205],[-77.8262,46.7223],[-77.8258,46.7227],[-77.8248,46.7249],[-77.8253,46.7253],[-77.825,46.7261],[-77.8285,46.7321],[-77.8304,46.7505],[-77.8298,46.7515],[-77.8315,46.7531],[-77.8318,46.7545],[-77.8301,46.7575],[-77.8293,46.7604],[-77.8322,46.7626],[-77.8298,46.7634],[-77.8287,46.7646],[-77.825,46.7638],[-77.8257,46.7644],[-77.8299,46.7669],[-77.8314,46.7689],[-77.8372,46.7736],[-77.8381,46.7734],[-77.8365,46.7753],[-77.8325,46.7811],[-77.8318,46.7821],[-77.8373,46.7913],[-77.8355,46.7977],[-77.8313,46.8018],[-77.8307,46.8073],[-77.8287,46.8058],[-77.8205,46.8081],[-77.8195,46.8095],[-77.8229,46.8147],[-77.8217,46.8179],[-77.8236,46.8233],[-77.8261,46.8241],[-77.8333,46.8291],[-77.8365,46.8307],[-77.8376,46.8284],[-77.8368,46.828],[-77.8359,46.8279],[-77.8341,46.8275],[-77.8269,46.8216],[-77.8273,46.8192],[-77.8459,46.8192],[-77.8462,46.8186],[-77.846,46.8181],[-77.8465,46.818],[-77.8494,46.8125],[-77.8489,46.817],[-77.854,46.8208],[-77.8544,46.8187],[-77.8537,46.818],[-77.8547,46.818],[-77.857,46.8193],[-77.8608,46.8202],[-77.8626,46.8197],[-77.8648,46.8205],[-77.8736,46.8237],[-77.8757,46.8246],[-77.8788,46.8229],[-77.8796,46.8222],[-77.8884,46.8257],[-77.894,46.8291],[-77.8927,46.8309],[-77.8923,46.8296],[-77.891,46.8294],[-77.8893,46.8285],[-77.891,46.8307],[-77.8914,46.8316],[-77.8899,46.8317],[-77.8887,46.8314],[-77.8869,46.8315],[-77.8769,46.8305],[-77.8783,46.8316],[-77.8809,46.8325],[-77.8875,46.8385],[-77.8916,46.8462],[-77.8898,46.8482],[-77.8883,46.8577],[-77.8828,46.8633],[-77.8819,46.8636],[-77.8828,46.8649],[-77.8813,46.8735],[-77.8812,46.8777],[-77.881,46.8788],[-77.882,46.8801],[-77.88,46.8819],[-77.8877,46.8865],[-77.8749,46.9034],[-77.8694,46.9086],[-77.8668,46.9124],[-77.8663,46.9132],[-77.8578,46.9407],[-77.8471,46.9335],[-77.8462,46.9296],[-77.8451,46.9181],[-77.8447,46.9174],[-77.8438,46.9087],[-77.8449,46.908],[-77.8454,46.9044],[-77.8453,46.9037],[-77.8445,46.902],[-77.8487,46.8954],[-77.8496,46.8938],[-77.8498,46.8813],[-77.8495,46.8796],[-77.8492,46.879],[-77.8495,46.8733],[-77.8477,46.875],[-77.8465,46.8767],[-77.8435,46.902],[-77.8425,46.9026],[-77.8405,46.9068],[-77.8409,46.9109],[-77.8354,46.9169],[-77.8347,46.9199],[-77.8358,46.9301],[-77.8359,46.932],[-77.8381,46.9352],[-77.8425,46.9431],[-77.8429,46.9473],[-77.843,46.9519],[-77.8368,46.9675],[-77.8411,46.9683],[-77.8442,46.9846],[-77.8441,46.9939],[-77.8433,46.9954],[-77.8377,47.0032],[-77.8355,47.0062],[-77.8329,47.0093],[-77.8285,47.0151],[-77.8343,47.0137],[-77.8336,47.0151],[-77.8339,47.016],[-77.8334,47.0179],[-77.8335,47.0188],[-77.8362,47.0185],[-77.8365,47.0181],[-77.844,47.0115],[-77.8446,47.0112],[-77.8438,47.0097],[-77.8448,47.0073],[-77.8471,47.0054],[-77.8494,47.0134],[-77.8505,47.0161],[-77.8484,47.0203],[-77.8462,47.0258],[-77.8456,47.0282],[-77.845,47.0345],[-77.8442,47.0398],[-77.8406,47.0432],[-77.8342,47.0496],[-77.8377,47.0525],[-77.8376,47.0532],[-77.8352,47.0546],[-77.8326,47.0553],[-77.8324,47.0573],[-77.8286,47.0594],[-77.829,47.0664],[-77.8295,47.0722],[-77.8279,47.0783],[-77.835,47.0884],[-77.8365,47.0892],[-77.8345,47.0908],[-77.8335,47.0911],[-77.8345,47.0916],[-77.8334,47.0921],[-77.8342,47.0939],[-77.8339,47.0944],[-77.8336,47.0947],[-77.8335,47.0952],[-77.8341,47.0955],[-77.8333,47.0974],[-77.8335,47.0993],[-77.8343,47.0997],[-77.8334,47.0997],[-77.8331,47.1004],[-77.8341,47.1013],[-77.834,47.1015],[-77.8337,47.1021],[-77.8327,47.1023],[-77.8322,47.1028],[-77.8311,47.1049],[-77.8312,47.1054],[-77.8325,47.1057],[-77.8293,47.107],[-77.8285,47.1071],[-77.8281,47.1074],[-77.8279,47.1078],[-77.8264,47.1081],[-77.8316,47.1074],[-77.8323,47.1071],[-77.8354,47.1065],[-77.8405,47.1069],[-77.8453,47.1091],[-77.8443,47.1111],[-77.8458,47.1128],[-77.8459,47.1153],[-77.8429,47.1192],[-77.8417,47.12],[-77.843,47.1206],[-77.8433,47.1204],[-77.8447,47.1215],[-77.8455,47.123],[-77.8427,47.1273],[-77.843,47.1282],[-77.8443,47.1285],[-77.845,47.1306],[-77.8438,47.1329],[-77.846,47.1401],[-77.8494,47.1453],[-77.8503,47.1451],[-77.8511,47.1477],[-77.8499,47.1485],[-77.8471,47.1498],[-77.8515,47.1526],[-77.8484,47.1562],[-77.8535,47.1652],[-77.8538,47.1665],[-77.8545,47.1671],[-77.8536,47.1681],[-77.8543,47.1727],[-77.8494,47.1783],[-77.851,47.1794],[-77.851,47.1803],[-77.8525,47.1918],[-77.8516,47.199],[-77.8556,47.2091],[-77.8551,47.2095],[-77.8555,47.2134],[-77.8566,47.2146],[-77.8559,47.2171],[-77.8572,47.2218],[-77.857,47.2222],[-77.8567,47.2228],[-77.8565,47.2257],[-77.8568,47.2279],[-77.8566,47.2294],[-77.8569,47.2317],[-77.8585,47.2363],[-77.8611,47.2382],[-77.8677,47.2427],[-77.8694,47.2433],[-77.8718,47.2433],[-77.8725,47.2434],[-77.8762,47.2444],[-77.9013,47.2441],[-77.9058,47.2475],[-77.9072,47.2486],[-77.9137,47.2506],[-77.9141,47.2507],[-77.9154,47.2507],[-77.9177,47.2542],[-77.917,47.2539],[-77.9155,47.256],[-77.9185,47.2566],[-77.9149,47.2579],[-77.9197,47.2611],[-77.9215,47.2621],[-77.9243,47.2636],[-77.9244,47.2666],[-77.9287,47.2658],[-77.929,47.2656],[-77.9297,47.2668],[-77.9289,47.2694],[-77.6473,47.2693],[-77.6473,47.2903],[-77.4326,47.2903],[-77.4327,47.1447],[-77.1506,47.1453],[-77.0023,47.1453],[-77.002,47.2902],[-76.5757,47.2898],[-76.5754,47.604],[-76.5179,47.5666],[-76.4263,47.513],[-76.4179,47.5182],[-76.4076,47.5623],[-76.4214,47.6066],[-76.4821,47.5999],[-76.4809,47.6116],[-76.426,47.6403],[-76.4065,47.6394],[-76.3889,47.6555],[-76.3763,47.652],[-76.3071,47.6664],[-76.2896,47.6871],[-76.2584,47.6963],[-76.2426,47.7183],[-76.2169,47.7296],[-76.1954,47.7267],[-76.1764,47.7367],[-76.1769,47.7247],[-76.1444,47.7176],[-76.0158,47.7237],[-75.9824,47.7449],[-75.9853,47.7721],[-75.9354,47.7996],[-75.8668,47.8002],[-75.8663,47.7799],[-75.8318,47.7675],[-75.837,47.75],[-75.8284,47.7355],[-75.8478,47.7138],[-75.8267,47.6991],[-75.7864,47.6821],[-75.7976,47.7089],[-75.7857,47.7255],[-75.7774,47.7577],[-75.7883,47.7912],[-75.7729,47.8179],[-75.7509,47.8266],[-75.7254,47.8475],[-75.6677,47.8475],[-75.5206,47.8477],[-75.5204,47.8736],[-75.5206,48.2457],[-75.5207,48.4086]]]},"properties":{"code":"CA-QC-08","name":"Abitibi-Témiscamingue","country":"CA"}},
{"type":"Feature","geometry":{"type":"MultiPolygon","coordinates":[[[[-66.2596,55.0001],[-66.2122,54.9789],[-66.1774,54.975],[-66.1424,54.9807],[-66.12,54.9711],[-66.0611,54.9289],[-66.0269,54.9427],[-65.9922,54.9278],[-65.9193,54.9374],[-65.8771,54.9219],[-65.8553,54.9267],[-65.845,54.906],[-65.8622,54.891],[-65.8359,54.8759],[-65.8554,54.8537],[-65.8335,54.8291],[-65.794,54.811],[-65.7598,54.7862],[-65.7186,54.7434],[-65.7086,54.7186],[-65.6795,54.7053],[-65.6596,54.7199],[-65.6342,54.7523],[-65.6139,54.7301],[-65.5932,54.7378],[-65.5427,54.7275],[-65.507,54.7347],[-65.4758,54.7269],[-65.4276,54.7472],[-65.4307,54.7794],[-65.4762,54.811],[-65.4849,54.8285],[-65.4537,54.8446],[-65.4153,54.8406],[-65.3892,54.8261],[-65.3539,54.8174],[-65.3214,54.8426],[-65.3054,54.8135],[-65.2867,54.8218],[-65.289,54.8399],[-65.198,54.8495],[-65.1981,54.8759],[-65.1738,54.9045],[-65.1741,54.9295],[-65.1291,54.9246],[-65.1175,54.9591],[-65.0775,54.9673],[-65.0751,54.9532],[-65.0441,54.9458],[-65.0199,54.9297],[-64.9646,54.9326],[-64.9141,54.9177],[-64.9039,54.9002],[-64.8709,54.8926],[-64.8454,54.8754],[-64.8672,54.8418],[-64.8119,54.8444],[-64.7735,54.8385],[-64.7478,54.8083],[-64.7667,54.7899],[-64.7618,54.7688],[-64.7916,54.7457],[-64.788,54.731],[-64.7281,54.7228],[-64.6799,54.727],[-64.6244,54.7258],[-64.6004,54.7313],[-64.5607,54.7115],[-64.5281,54.7295],[-64.5534,54.7517],[-64.5244,54.7587],[-64.5022,54.7454],[-64.4715,54.7486],[-64.4817,54.7672],[-64.4754,54.7859],[-64.3916,54.7873],[-64.386,54.7794],[-64.325,54.7732],[-64.2912,54.7602],[-64.3024,54.7479],[-64.2829,54.7286],[-64.2526,54.7276],[-64.2361,54.7151],[-64.1965,54.7088],[-64.1843,54.6932],[-64.1408,54.6669],[-64.1083,54.6552],[-64.115,54.6328],[-64.0931,54.6284],[-64.0522,54.5973],[-64.0302,54.6075],[-63.9945,54.5984],[-63.969,54.6179],[-63.9373,54.605],[-63.9108,54.6036],[-63.8791,54.6218],[-63.8297,54.629],[-63.8047,54.6474],[-63.7411,54.6234],[-63.7098,54.6223],[-63.7234,54.6582],[-63.7757,54.6816],[-63.7633,54.6985],[-63.7825,54.7155],[-63.8254,54.7332],[-63.8439,54.7498],[-63.8823,54.7624],[-63.9098,54.7844],[-63.891,54.7997],[-63.8608,54.7998],[-63.8118,54.8177],[-63.8238,54.8461],[-63.8524,54.8633],[-63.8369,54.8889],[-63.8392,54.9101],[-63.7916,54.9298],[-63.7861,54.949],[-63.6949,54.9262],[-63.6882,54.9086],[-63.6613,54.9017],[-63.6331,54.9093],[-63.5811,54.9482],[-63.6147,54.9763],[-63.5783,54.9756],[-63.5543,55.0001],[-63.9991,55.0001],[-64.4991,55.0001],[-64.8741,55.0001],[-65.3741,55.0001],[-65.4991,55.0001],[-65.6241,55.0001],[-65.8742,55.0001],[-66.2596,55.0001]]],[[[-67.2188,55.0001],[-67.1675,54.9566],[-67.1193,54.931],[-67.0441,54.8791],[-67.0431,54.8628],[-66.9465,54.8175],[-66.9351,54.7997],[-66.8578,54.8062],[-66.8288,54.7874],[-66.7303,54.7442],[-66.6694,54.7124],[-66.6611,54.7329],[-66.7011,54.7592],[-66.7197,54.7623],[-66.7248,54.8032],[-66.6624,54.7678],[-66.636,54.7925],[-66.5976,54.8122],[-66.6205,54.8288],[-66.6257,54.846],[-66.6491,54.8542],[-66.6607,54.8884],[-66.6829,54.896],[-66.6825,54.9328],[-66.7103,54.9573],[-66.7366,54.9703],[-66.7323,54.9843],[-66.75,55.0001],[-67.2188,55.0001]]],[[[-57.1075,51.806],[-57.0798,51.8242],[-57.0795,51.8529],[-57.0566,51.8715],[-57.0789,51.9102],[-57.0545,51.9169],[-57.0622,51.9386],[-57.036,51.9631],[-57.0421,51.9836],[-57.005,51.992],[-56.9822,51.9754],[-56.9464,51.9689],[-56.9387,51.9914],[-56.9818,52.0307],[-56.9932,52.068],[-57.0292,52.102],[-57.0609,52.0886],[-57.0913,52.0895],[-57.1219,52.0665],[-57.1653,52.0651],[-57.1983,52.0549],[-57.215,52.078],[-57.2494,52.0838],[-57.2682,52.0949],[-57.297,52.0959],[-57.3067,52.0712],[-57.3313,52.0526],[-57.3548,52.0515],[-57.4193,52.0828],[-57.4141,52.1156],[-57.4719,52.1921],[-57.4937,52.1941],[-57.4947,52.2144],[-57.53,52.2266],[-57.564,52.248],[-57.5881,52.2889],[-57.6117,52.2938],[-57.6345,52.3128],[-57.6754,52.3156],[-57.6793,52.3337],[-57.7085,52.356],[-57.7399,52.3707],[-57.7316,52.3834],[-57.773,52.4311],[-57.7319,52.4787],[-57.7858,52.4893],[-57.8178,52.4901],[-57.8128,52.464],[-57.8506,52.4456],[-57.859,52.4233],[-57.8966,52.414],[-57.9349,52.419],[-57.9407,52.4301],[-57.9799,52.4311],[-58.0206,52.4823],[-58.0544,52.4876],[-58.0467,52.5024],[-58.0826,52.5273],[-58.0777,52.5444],[-58.1266,52.5749],[-58.1553,52.5766],[-58.1739,52.5968],[-58.2103,52.6024],[-58.2489,52.6248],[-58.2543,52.6486],[-58.3091,52.6722],[-58.3264,52.6906],[-58.4173,52.7155],[-58.4557,52.6958],[-58.4394,52.6822],[-58.4383,52.659],[-58.4616,52.6524],[-58.4923,52.658],[-58.5273,52.6548],[-58.5334,52.6429],[-58.5699,52.6528],[-58.5597,52.6187],[-58.5318,52.603],[-58.5335,52.577],[-58.567,52.5781],[-58.596,52.5624],[-58.6262,52.5591],[-58.645,52.5672],[-58.6789,52.56],[-58.6873,52.5374],[-58.6744,52.5169],[-58.6539,52.5057],[-58.6266,52.466],[-58.6492,52.4578],[-58.675,52.4758],[-58.7091,52.4705],[-58.7301,52.4819],[-58.7857,52.4793],[-58.807,52.5013],[-58.8457,52.5039],[-58.8376,52.4801],[-58.8598,52.4647],[-58.8914,52.4776],[-58.921,52.4732],[-58.9465,52.4794],[-59.0121,52.5105],[-59.022,52.53],[-59.0481,52.5407],[-59.0905,52.5411],[-59.1385,52.5163],[-59.175,52.5464],[-59.2425,52.5547],[-59.2443,52.5682],[-59.2682,52.5789],[-59.3161,52.6267],[-59.3847,52.6062],[-59.4139,52.6226],[-59.4583,52.6254],[-59.512,52.6129],[-59.5201,52.6014],[-59.5115,52.5724],[-59.5365,52.5572],[-59.5703,52.5654],[-59.5687,52.5787],[-59.5983,52.5919],[-59.5867,52.6085],[-59.6086,52.6199],[-59.6526,52.6272],[-59.6503,52.6405],[-59.6932,52.6538],[-59.7149,52.6782],[-59.7995,52.6782],[-59.8367,52.6621],[-59.8494,52.6282],[-59.887,52.6336],[-59.9057,52.6202],[-59.8601,52.6082],[-59.8128,52.5846],[-59.8225,52.5606],[-59.8734,52.5614],[-59.9049,52.5682],[-59.9209,52.5524],[-59.9433,52.5518],[-59.999,52.5762],[-60.0068,52.552],[-59.9564,52.5307],[-59.9336,52.5101],[-59.8949,52.4998],[-59.8823,52.4751],[-59.8344,52.4674],[-59.845,52.4473],[-59.8844,52.4337],[-59.9145,52.4322],[-59.9626,52.4501],[-59.9835,52.4518],[-60.0009,52.4701],[-59.968,52.4966],[-60.0824,52.5178],[-60.0869,52.507],[-60.1351,52.4893],[-60.1509,52.4772],[-60.2114,52.4728],[-60.226,52.4527],[-60.3129,52.4504],[-60.3451,52.4465],[-60.3738,52.4537],[-60.4172,52.4497],[-60.5174,52.4545],[-60.5262,52.438],[-60.5562,52.4399],[-60.5728,52.428],[-60.5658,52.4134],[-60.6041,52.3978],[-60.5879,52.3558],[-60.5584,52.3407],[-60.5643,52.3188],[-60.6529,52.3036],[-60.679,52.3093],[-60.7068,52.3273],[-60.73,52.3279],[-60.7427,52.3423],[-60.7941,52.3529],[-60.8191,52.3454],[-60.8477,52.3535],[-60.8898,52.3564],[-60.9474,52.3668],[-61.0053,52.3866],[-61.0186,52.411],[-61.057,52.4407],[-61.1147,52.4455],[-61.1426,52.4735],[-61.211,52.5046],[-61.2725,52.514],[-61.3046,52.5104],[-61.3459,52.4954],[-61.3828,52.4966],[-61.4503,52.4714],[-61.4662,52.4979],[-61.4425,52.5076],[-61.4621,52.5324],[-61.4785,52.5331],[-61.5631,52.5552],[-61.5954,52.5541],[-61.6383,52.5614],[-61.6681,52.5733],[-61.7083,52.5733],[-61.7318,52.603],[-61.7513,52.6117],[-61.8586,52.6321],[-61.8673,52.6525],[-61.9075,52.6691],[-61.9114,52.6971],[-61.9449,52.7053],[-62.0258,52.7408],[-62.0756,52.7498],[-62.0865,52.7597],[-62.156,52.7806],[-62.1595,52.763],[-62.1783,52.7539],[-62.1778,52.736],[-62.2367,52.7384],[-62.2614,52.7535],[-62.297,52.7549],[-62.3362,52.7369],[-62.3715,52.7461],[-62.3984,52.7654],[-62.4627,52.7761],[-62.4855,52.7907],[-62.47,52.8019],[-62.5019,52.8169],[-62.5081,52.8359],[-62.4776,52.8337],[-62.4448,52.8666],[-62.4648,52.8847],[-62.512,52.8862],[-62.5285,52.9155],[-62.5893,52.9022],[-62.6096,52.9255],[-62.6396,52.9348],[-62.6881,52.9344],[-62.7257,52.9199],[-62.7032,52.9087],[-62.7076,52.8951],[-62.6845,52.8755],[-62.6951,52.8597],[-62.655,52.8539],[-62.66,52.8339],[-62.6309,52.8294],[-62.6111,52.7998],[-62.6777,52.8001],[-62.676,52.7749],[-62.7419,52.7864],[-62.7544,52.7972],[-62.7841,52.7895],[-62.8168,52.8008],[-62.8752,52.7971],[-62.8944,52.787],[-62.9398,52.7896],[-62.9332,52.7704],[-62.9639,52.7585],[-62.9997,52.7665],[-63.0196,52.7808],[-63.0522,52.775],[-63.0644,52.7936],[-63.108,52.7912],[-63.1649,52.8116],[-63.1896,52.759],[-63.222,52.722],[-63.2453,52.7209],[-63.3075,52.7603],[-63.2908,52.7735],[-63.2985,52.7986],[-63.3237,52.8247],[-63.3418,52.8231],[-63.388,52.8371],[-63.3712,52.8473],[-63.4157,52.8914],[-63.4624,52.8875],[-63.481,52.9045],[-63.4517,52.925],[-63.4468,52.9445],[-63.5044,52.9561],[-63.5487,52.9393],[-63.567,52.9445],[-63.603,52.9187],[-63.6057,52.8845],[-63.6261,52.8724],[-63.6103,52.8447],[-63.6461,52.8451],[-63.6414,52.8277],[-63.6586,52.8107],[-63.7186,52.8024],[-63.7228,52.7732],[-63.8071,52.766],[-63.8234,52.7599],[-63.8727,52.7763],[-63.8926,52.7603],[-63.9209,52.758],[-63.9367,52.7307],[-63.9884,52.7258],[-64.009,52.7405],[-64.0542,52.7241],[-64.081,52.7397],[-64.1487,52.7288],[-64.1253,52.6861],[-64.1758,52.6722],[-64.1519,52.6453],[-64.1702,52.6132],[-64.177,52.5851],[-64.2316,52.5823],[-64.1785,52.5445],[-64.1738,52.5301],[-64.1497,52.5181],[-64.1493,52.4957],[-64.1364,52.4295],[-64.1075,52.4073],[-64.1332,52.38],[-64.181,52.3395],[-64.1664,52.3099],[-64.1983,52.3066],[-64.2238,52.3138],[-64.2285,52.2922],[-64.253,52.275],[-64.224,52.2522],[-64.2028,52.1963],[-64.2005,52.1767],[-64.1638,52.1482],[-64.1767,52.1207],[-64.2178,52.1397],[-64.24,52.1414],[-64.2572,52.1254],[-64.2528,52.081],[-64.292,52.0709],[-64.2834,52.0406],[-64.2334,51.9762],[-64.2776,51.9731],[-64.3369,52.0093],[-64.364,52.0032],[-64.3425,51.9857],[-64.3631,51.9308],[-64.3453,51.906],[-64.361,51.8642],[-64.343,51.826],[-64.3034,51.7996],[-64.3066,51.7546],[-64.2779,51.747],[-64.2862,51.7279],[-64.3402,51.6656],[-64.3606,51.6731],[-64.3836,51.6646],[-64.4273,51.6786],[-64.449,51.6303],[-64.5206,51.6043],[-64.5571,51.5807],[-64.5916,51.6274],[-64.621,51.633],[-64.6115,51.6645],[-64.641,51.6949],[-64.6735,51.7011],[-64.6806,51.718],[-64.738,51.7655],[-64.7602,51.7596],[-64.7742,51.8047],[-64.7414,51.8249],[-64.7526,51.8456],[-64.7284,51.8519],[-64.7107,51.8733],[-64.8016,51.9355],[-64.8267,51.969],[-64.8145,51.9961],[-64.8355,52.035],[-64.9013,52.0435],[-64.9312,52.0662],[-64.9578,52.1065],[-64.9843,52.1125],[-65.0237,52.1392],[-65.0547,52.1365],[-65.0954,52.1607],[-65.1098,52.119],[-65.1301,52.1048],[-65.1547,52.1125],[-65.1589,52.1318],[-65.1412,52.1458],[-65.1699,52.1576],[-65.185,52.2067],[-65.2133,52.2194],[-65.199,52.2601],[-65.2385,52.2611],[-65.251,52.2818],[-65.2767,52.2564],[-65.3378,52.2431],[-65.3321,52.2305],[-65.3827,52.2201],[-65.4116,52.2041],[-65.4699,52.1915],[-65.485,52.1762],[-65.4758,52.1598],[-65.4797,52.1337],[-65.4977,52.1251],[-65.5458,52.0435],[-65.5797,52.035],[-65.6227,52.046],[-65.6228,52.0269],[-65.6402,52.0136],[-65.6722,52.0071],[-65.6433,52.0546],[-65.6488,52.0791],[-65.6732,52.1204],[-65.6924,52.1021],[-65.737,52.091],[-65.7526,52.1118],[-65.8036,52.1133],[-65.8692,52.1205],[-65.8968,52.0986],[-65.9528,52.1021],[-65.9771,52.089],[-65.9631,52.0784],[-65.9694,52.0603],[-65.9899,52.0566],[-66.0125,52.0832],[-66.0505,52.0886],[-66.091,52.1085],[-66.0737,52.1233],[-66.07,52.1472],[-66.0976,52.2006],[-66.1226,52.2089],[-66.1368,52.228],[-66.1641,52.2345],[-66.1738,52.2143],[-66.2005,52.2253],[-66.199,52.2422],[-66.2332,52.2622],[-66.2487,52.2858],[-66.2523,52.3078],[-66.2789,52.3085],[-66.3146,52.2913],[-66.2997,52.2567],[-66.3055,52.2497],[-66.2956,52.2131],[-66.2731,52.1797],[-66.2693,52.1495],[-66.3302,52.1391],[-66.3582,52.1459],[-66.3813,52.1617],[-66.3559,52.1714],[-66.3725,52.1961],[-66.4032,52.2266],[-66.4319,52.2206],[-66.4576,52.2501],[-66.4431,52.2811],[-66.4698,52.2862],[-66.4684,52.3019],[-66.488,52.319],[-66.4844,52.3486],[-66.4372,52.3541],[-66.4456,52.3756],[-66.4215,52.3812],[-66.3562,52.3493],[-66.3419,52.3664],[-66.343,52.3986],[-66.3724,52.4141],[-66.356,52.4324],[-66.3871,52.461],[-66.3924,52.4837],[-66.3574,52.4904],[-66.3724,52.5163],[-66.3801,52.566],[-66.4188,52.5949],[-66.4388,52.6236],[-66.4158,52.6424],[-66.4053,52.6724],[-66.3865,52.6815],[-66.3328,52.6347],[-66.3181,52.6107],[-66.2918,52.602],[-66.2773,52.6342],[-66.2999,52.6408],[-66.3075,52.6628],[-66.3379,52.6812],[-66.3395,52.7024],[-66.3129,52.732],[-66.3314,52.7408],[-66.3282,52.7601],[-66.3499,52.7811],[-66.3465,52.7944],[-66.3759,52.8094],[-66.3851,52.8247],[-66.4163,52.8469],[-66.4166,52.8656],[-66.3785,52.8747],[-66.3546,52.8572],[-66.3329,52.8633],[-66.293,52.8551],[-66.2718,52.8674],[-66.2729,52.8946],[-66.2928,52.9172],[-66.3245,52.9398],[-66.3219,52.9721],[-66.3381,52.9823],[-66.3465,53.007],[-66.3975,53.0189],[-66.4326,53.0435],[-66.4607,53.0377],[-66.4724,53.0137],[-66.4666,52.9978],[-66.4911,52.985],[-66.4939,52.9657],[-66.5309,52.9592],[-66.5326,52.947],[-66.5757,52.9364],[-66.6297,52.9564],[-66.6493,52.9275],[-66.6333,52.8976],[-66.6543,52.8916],[-66.6415,52.8508],[-66.6624,52.8362],[-66.6663,52.8094],[-66.6484,52.7925],[-66.7153,52.76],[-66.7561,52.7573],[-66.7543,52.6994],[-66.7918,52.6789],[-66.7978,52.7019],[-66.8263,52.7221],[-66.8411,52.7523],[-66.8712,52.7554],[-66.855,52.7221],[-66.8663,52.6989],[-66.8519,52.6746],[-66.8996,52.6783],[-66.8997,52.6869],[-66.9515,52.7576],[-66.9987,52.7599],[-67.0343,52.7525],[-67.0419,52.7741],[-67.0704,52.7769],[-67.0559,52.808],[-67.0654,52.8219],[-67.048,52.8482],[-67.0637,52.8757],[-67.1521,52.8524],[-67.158,52.8218],[-67.2304,52.848],[-67.2533,52.8733],[-67.3403,52.8934],[-67.33,52.9097],[-67.3499,52.9268],[-67.3338,52.9552],[-67.3053,52.9659],[-67.2669,52.9627],[-67.2421,52.983],[-67.2788,52.9853],[-67.3075,52.9787],[-67.3455,52.9848],[-67.3641,53.039],[-67.3757,53.0451],[-67.3833,53.0879],[-67.349,53.1159],[-67.3206,53.122],[-67.2848,53.1407],[-67.2788,53.1727],[-67.2561,53.1731],[-67.2256,53.1473],[-67.1604,53.1453],[-67.128,53.1239],[-67.1015,53.12],[-67.0761,53.1052],[-67.0446,53.0697],[-66.9749,53.086],[-66.984,53.118],[-66.9524,53.1275],[-67.0071,53.1511],[-66.9979,53.1681],[-66.9506,53.1823],[-66.9684,53.204],[-66.9552,53.2691],[-66.9445,53.2821],[-66.9517,53.3108],[-66.988,53.3264],[-67.0164,53.3228],[-67.0206,53.3395],[-66.946,53.3686],[-66.9432,53.3847],[-66.9066,53.3897],[-66.8752,53.4136],[-66.9135,53.4209],[-66.9316,53.4394],[-66.9164,53.4559],[-66.9403,53.4785],[-66.9728,53.4697],[-66.9934,53.4777],[-66.9712,53.5],[-67.0007,53.5024],[-67.0283,53.5333],[-67.0674,53.5429],[-67.0999,53.5298],[-67.1514,53.5408],[-67.1708,53.5567],[-67.2125,53.5396],[-67.2603,53.5636],[-67.292,53.5461],[-67.3151,53.5658],[-67.3262,53.589],[-67.3821,53.6155],[-67.3831,53.6535],[-67.4067,53.664],[-67.3866,53.6844],[-67.4217,53.7105],[-67.4881,53.7196],[-67.5126,53.7345],[-67.492,53.7556],[-67.5275,53.762],[-67.5659,53.7945],[-67.5276,53.8053],[-67.4948,53.8266],[-67.4911,53.8397],[-67.5499,53.8428],[-67.5531,53.8621],[-67.6019,53.8745],[-67.5889,53.9179],[-67.6345,53.9367],[-67.6783,53.979],[-67.7279,53.9873],[-67.7492,54.0001],[-67.8092,54.0172],[-67.8168,54.028],[-67.7787,54.0559],[-67.7799,54.0836],[-67.7506,54.0887],[-67.7577,54.1028],[-67.7972,54.1031],[-67.7937,54.1349],[-67.7535,54.1568],[-67.7205,54.1499],[-67.6979,54.1597],[-67.6345,54.1598],[-67.6499,54.1742],[-67.6462,54.1902],[-67.6142,54.1891],[-67.6079,54.206],[-67.6263,54.2235],[-67.6556,54.2273],[-67.682,54.2594],[-67.6605,54.2752],[-67.6648,54.3137],[-67.6862,54.3272],[-67.7259,54.3349],[-67.743,54.353],[-67.7226,54.3667],[-67.7276,54.3909],[-67.7771,54.4284],[-67.7747,54.4384],[-67.7171,54.4496],[-67.7039,54.4407],[-67.6708,54.4461],[-67.6637,54.4912],[-67.6412,54.494],[-67.623,54.474],[-67.5888,54.4754],[-67.566,54.4928],[-67.5159,54.4799],[-67.492,54.4946],[-67.4748,54.5325],[-67.5128,54.5528],[-67.5105,54.5659],[-67.4645,54.5807],[-67.3982,54.5465],[-67.3828,54.5271],[-67.3426,54.5165],[-67.3047,54.5144],[-67.2816,54.4852],[-67.2447,54.4925],[-67.2443,54.5097],[-67.2213,54.526],[-67.2649,54.5397],[-67.2591,54.5503],[-67.2719,54.5894],[-67.2236,54.5852],[-67.2309,54.6159],[-67.1705,54.6085],[-67.1166,54.6461],[-67.1064,54.6627],[-67.0692,54.6668],[-67.0694,54.6871],[-67.0532,54.6957],[-67.1143,54.7382],[-67.1224,54.7494],[-67.173,54.7669],[-67.2067,54.7904],[-67.2222,54.8295],[-67.2521,54.8335],[-67.2567,54.8515],[-67.2876,54.8769],[-67.351,54.9422],[-67.3949,54.9607],[-67.3992,54.9913],[-67.4172,55.0001],[-67.9992,55.0001],[-68.2493,55.0001],[-68.6243,55.0001],[-69,55.0001],[-69.3743,55.0001],[-69.6243,55.0001],[-70.0299,55.0001],[-70.0299,52.9166],[-70.0299,52.8326],[-70.0257,52.7501],[-70.0245,52.5001],[-70.0246,52.2501],[-70.0249,51.9745],[-70.0249,51.7308],[-70.0263,51.564],[-70.0255,51.2501],[-70.0254,51.0001],[-70.0256,50.7501],[-70.0251,50.5001],[-70.025,50.2501],[-70.0248,50.0001],[-70.0216,49.7966],[-70.0104,49.7965],[-70.0102,49.5001],[-70.0108,49.25],[-70.0105,49],[-70.0091,48.75],[-70.0092,48.5657],[-70.008,48.357],[-70.0779,48.2528],[-70.0542,48.255],[-70.0134,48.256],[-69.9538,48.2348],[-69.8905,48.2243],[-69.8711,48.1862],[-69.8703,48.1817],[-69.8688,48.178],[-69.8609,48.1666],[-69.8407,48.1528],[-69.7032,48.1278],[-69.658,48.112],[-69.5484,48.0495],[-69.4463,48.1282],[-69.3379,48.2148],[-69.2345,48.2911],[-69,48.4517],[-68.8948,48.5176],[-68.7235,48.621],[-68.5664,48.707],[-68.4675,48.7581],[-68.3096,48.8284],[-68.1733,48.8814],[-68.0937,48.9095],[-67.9993,48.9394],[-67.7444,49.0287],[-67.5925,49.0783],[-67.4695,49.1094],[-67.3332,49.135],[-67.2412,49.1568],[-67.1533,49.1891],[-66.8157,49.3854],[-66.6512,49.4889],[-66.5634,49.5392],[-66.4877,49.5754],[-66.377,49.6191],[-66.2957,49.6452],[-66.214,49.6664],[-66.0785,49.6927],[-66,49.7041],[-65.8802,49.7141],[-65.7572,49.7187],[-65.6454,49.7179],[-65.478,49.7082],[-65.3958,49.6998],[-65.2518,49.6808],[-65.0951,49.6528],[-64.9744,49.6261],[-64.8501,49.5935],[-64.7225,49.5543],[-64.5957,49.5097],[-64.4127,49.436],[-64.2613,49.3685],[-64.1638,49.3199],[-64.0583,49.2533],[-63.9009,49.1493],[-63.7497,49.0558],[-63.6005,48.969],[-63.4626,48.8966],[-63.3188,48.829],[-63.2143,48.784],[-63.0867,48.7342],[-62.9991,48.7018],[-62.9991,48.6667],[-62.7491,48.6667],[-62.2491,48.6667],[-61.7491,48.6667],[-61.2491,48.6667],[-60.7491,48.6667],[-60.4686,48.6667],[-60.4768,48.7814],[-60,49.1126],[-58.9404,49.8486],[-58.1898,50.5742],[-57.7361,50.9986],[-57.1075,51.2025],[-57.1075,51.5854],[-57.1075,51.806]]]]},"properties":{"code":"CA-QC-09","name":"Côte-Nord","country":"CA"}},
{"type":"Feature","geometry":{"type":"Polygon","coordinates":[[[-70.0299,52.8321],[-70.0299,52.9166],[-70.0299,55.0001],[-69.6243,55.0001],[-69.3743,55.0001],[-69,55.0001],[-68.6243,55.0001],[-68.2493,55.0001],[-67.9992,55.0001],[-67.4172,55.0001],[-67.436,55.0158],[-67.4266,55.0313],[-67.4615,55.0453],[-67.4615,55.0583],[-67.4094,55.0918],[-67.3871,55.0796],[-67.3585,55.0891],[-67.3292,55.0886],[-67.274,55.0738],[-67.2522,55.0598],[-67.2667,55.0385],[-67.2871,55.0288],[-67.2188,55.0001],[-66.9992,55.0001],[-66.7244,55.0002],[-66.6946,55.005],[-66.6877,55.0001],[-66.6432,55.0001],[-66.6659,55.0245],[-66.7004,55.0294],[-66.726,55.0435],[-66.7377,55.0844],[-66.773,55.143],[-66.75,55.1534],[-66.7513,55.1788],[-66.7177,55.2083],[-66.6857,55.2132],[-66.7192,55.2388],[-66.7921,55.2789],[-66.8215,55.3064],[-66.8031,55.3216],[-66.8162,55.3528],[-66.7783,55.351],[-66.7634,55.3373],[-66.7199,55.3211],[-66.6953,55.3022],[-66.6981,55.2856],[-66.6551,55.2525],[-66.6091,55.2699],[-66.5519,55.2375],[-66.5223,55.2049],[-66.4954,55.2032],[-66.4706,55.1648],[-66.4435,55.14],[-66.3483,55.0774],[-66.3015,55.0347],[-66.2863,55.0309],[-66.2596,55.0001],[-65.8742,55.0001],[-65.6241,55.0001],[-65.4991,55.0001],[-65.3741,55.0001],[-64.8741,55.0001],[-64.4991,55.0001],[-63.9991,55.0001],[-63.5543,55.0001],[-63.5929,55.0085],[-63.5967,55.0216],[-63.5671,55.0321],[-63.574,55.0535],[-63.6112,55.0666],[-63.6064,55.0823],[-63.5802,55.1098],[-63.5959,55.1283],[-63.5686,55.1382],[-63.576,55.1524],[-63.55,55.1727],[-63.5532,55.1893],[-63.4746,55.1989],[-63.4272,55.2133],[-63.408,55.2556],[-63.4973,55.2432],[-63.5133,55.2321],[-63.5482,55.2287],[-63.5606,55.2416],[-63.6257,55.2401],[-63.6837,55.2669],[-63.6447,55.2857],[-63.5826,55.3018],[-63.5202,55.3097],[-63.5306,55.3246],[-63.5827,55.3211],[-63.5828,55.339],[-63.489,55.3498],[-63.4488,55.343],[-63.381,55.3571],[-63.3228,55.3642],[-63.3317,55.3922],[-63.3194,55.4092],[-63.3473,55.417],[-63.3728,55.4094],[-63.449,55.4124],[-63.4544,55.4213],[-63.5272,55.4195],[-63.606,55.43],[-63.6701,55.4234],[-63.7337,55.44],[-63.7797,55.4664],[-63.7736,55.4817],[-63.6916,55.5106],[-63.6938,55.538],[-63.6585,55.5493],[-63.6793,55.5733],[-63.6697,55.6002],[-63.6864,55.6165],[-63.6826,55.6362],[-63.6421,55.6433],[-63.7153,55.6591],[-63.7643,55.6527],[-63.73,55.6875],[-63.7223,55.7133],[-63.696,55.7332],[-63.7095,55.7541],[-63.6733,55.7617],[-63.6883,55.7907],[-63.7166,55.779],[-63.7685,55.7894],[-63.7734,55.8029],[-63.8356,55.8154],[-63.8056,55.8395],[-63.8075,55.8582],[-63.8405,55.8803],[-63.8302,55.9056],[-63.7969,55.93],[-63.7588,55.9364],[-63.7273,55.9304],[-63.7082,55.9521],[-63.6623,55.9708],[-63.6251,55.967],[-63.59,55.9885],[-63.5474,56.0059],[-63.4676,55.9987],[-63.4481,56.0308],[-63.5035,56.0445],[-63.5751,56.0235],[-63.6336,56.0237],[-63.6714,56.0295],[-63.6717,56.0452],[-63.6918,56.061],[-63.7306,56.068],[-63.7973,56.0508],[-63.8327,56.0561],[-63.8202,56.0729],[-63.834,56.0853],[-63.8799,56.0748],[-63.9072,56.0936],[-63.9535,56.0554],[-64.0078,56.0759],[-64.0248,56.0653],[-64.0571,56.0865],[-64.0197,56.0917],[-64.0059,56.1185],[-64.0096,56.1373],[-64.0304,56.1576],[-64.0176,56.1687],[-63.9457,56.1816],[-63.8773,56.1986],[-63.8592,56.2112],[-63.8706,56.2242],[-63.9038,56.2213],[-63.9348,56.2651],[-63.9735,56.2568],[-64.0145,56.2678],[-64.0929,56.2558],[-64.1092,56.2597],[-64.075,56.2895],[-64.1479,56.3078],[-64.1035,56.326],[-64.0949,56.3541],[-64.1254,56.3678],[-64.1039,56.3999],[-64.1437,56.4023],[-64.1347,56.4329],[-64.0972,56.43],[-63.9833,56.4116],[-63.938,56.4246],[-63.9082,56.4267],[-63.8698,56.4476],[-63.8948,56.4687],[-63.9322,56.4754],[-63.9415,56.5001],[-63.9435,56.5396],[-63.9849,56.5608],[-64.0062,56.5932],[-64.0341,56.5956],[-64.0512,56.6159],[-64.0376,56.6441],[-64.0932,56.6616],[-64.1427,56.7044],[-64.1081,56.7303],[-64.0882,56.7671],[-64.0093,56.7775],[-64.0033,56.7886],[-64.0154,56.8481],[-63.999,56.8641],[-63.964,56.8658],[-63.8807,56.8928],[-63.8715,56.9009],[-63.9102,56.9253],[-63.9017,56.9633],[-63.8809,56.9778],[-63.8724,57.0022],[-63.8886,57.013],[-63.8889,57.0532],[-63.9036,57.0678],[-63.8846,57.0901],[-63.8193,57.0812],[-63.767,57.1433],[-63.7957,57.1948],[-63.7638,57.2205],[-63.7832,57.2279],[-63.8392,57.2307],[-63.8411,57.2076],[-63.882,57.1953],[-63.8665,57.2359],[-63.8811,57.2687],[-63.8662,57.2922],[-63.8602,57.3287],[-63.8415,57.3479],[-63.7952,57.3364],[-63.7399,57.3506],[-63.6984,57.3666],[-63.7222,57.4002],[-63.7108,57.4328],[-63.7383,57.4298],[-63.7584,57.4437],[-63.7727,57.5326],[-63.8152,57.5597],[-63.8491,57.6186],[-63.7955,57.6548],[-63.7417,57.6582],[-63.7391,57.6831],[-63.7536,57.704],[-63.7518,57.7284],[-63.7785,57.7246],[-63.7754,57.6976],[-63.8122,57.6889],[-63.824,57.7136],[-63.8835,57.7166],[-63.9051,57.7546],[-63.9076,57.8298],[-63.8886,57.8364],[-63.9034,57.8828],[-63.9227,57.8983],[-63.9717,57.9049],[-63.993,57.9154],[-64.0211,57.911],[-64.0866,57.9316],[-64.0909,57.9173],[-64.1311,57.9249],[-64.1409,57.9421],[-64.1934,57.933],[-64.1971,57.9731],[-64.2248,57.9877],[-64.2382,58.0295],[-64.2546,58.0412],[-64.3028,58.0468],[-64.3127,58.0583],[-64.3502,58.0695],[-64.4301,58.0686],[-64.4247,58.0953],[-64.443,58.1304],[-64.4243,58.1411],[-64.4215,58.2027],[-64.2939,58.2218],[-64.2579,58.2235],[-64.2192,58.2468],[-64.1681,58.3652],[-64.1256,58.3626],[-64.1053,58.374],[-64.0301,58.3645],[-64.0285,58.4002],[-63.995,58.4294],[-63.9678,58.4405],[-63.9108,58.4449],[-63.8499,58.4436],[-63.8096,58.4861],[-63.8481,58.4994],[-63.859,58.5163],[-63.8516,58.5432],[-63.8967,58.5746],[-63.9169,58.5718],[-63.9533,58.5378],[-63.9942,58.5268],[-64.041,58.5249],[-64.0712,58.5381],[-64.1142,58.5795],[-64.1028,58.5948],[-64.1448,58.6074],[-64.1104,58.635],[-64.0821,58.6472],[-64.0798,58.6634],[-64.0321,58.7033],[-63.997,58.6929],[-63.9468,58.6898],[-63.9201,58.7064],[-63.864,58.704],[-63.8198,58.7129],[-63.7898,58.7049],[-63.7503,58.7172],[-63.7135,58.7079],[-63.699,58.72],[-63.6554,58.726],[-63.6322,58.7197],[-63.5494,58.7384],[-63.5042,58.7418],[-63.494,58.7798],[-63.5281,58.815],[-63.5808,58.8525],[-63.657,58.8538],[-63.6796,58.8649],[-63.6813,58.8809],[-63.7615,58.8792],[-63.8075,58.8488],[-63.8366,58.8499],[-63.8718,58.8333],[-63.8963,58.837],[-63.9478,58.828],[-63.9738,58.8315],[-63.9995,58.8144],[-64.0384,58.8116],[-64.0451,58.7899],[-64.0744,58.7827],[-64.0867,58.7591],[-64.1472,58.7485],[-64.1728,58.7758],[-64.2316,58.7866],[-64.2432,58.8008],[-64.2268,58.8152],[-64.2395,58.8606],[-64.2786,58.8799],[-64.3053,58.902],[-64.3504,58.8939],[-64.4655,58.9077],[-64.5161,58.8826],[-64.5576,58.8977],[-64.6125,58.9055],[-64.6312,58.9334],[-64.651,58.9406],[-64.7301,58.9501],[-64.758,58.9372],[-64.7623,58.9204],[-64.8174,58.9151],[-64.8903,58.9459],[-64.8342,58.9599],[-64.8401,58.9818],[-64.8668,58.989],[-64.8691,59.0104],[-64.831,59.0196],[-64.8294,59.0717],[-64.7918,59.0666],[-64.7286,59.0752],[-64.6843,59.0741],[-64.6757,59.0416],[-64.6071,59.044],[-64.5766,59.0391],[-64.5611,59.0158],[-64.5195,59.0035],[-64.4938,59.0167],[-64.4697,59.0029],[-64.4754,58.9862],[-64.3758,59.0083],[-64.3322,59.0033],[-64.2676,59.0107],[-64.2773,59.034],[-64.3024,59.0453],[-64.3159,59.0689],[-64.364,59.0695],[-64.3803,59.0936],[-64.4353,59.0879],[-64.4322,59.1022],[-64.4774,59.0986],[-64.4922,59.1337],[-64.4804,59.1413],[-64.4711,59.1795],[-64.5224,59.2082],[-64.5271,59.2233],[-64.4905,59.2609],[-64.4924,59.2737],[-64.5427,59.2906],[-64.5147,59.3333],[-64.4917,59.3502],[-64.5342,59.366],[-64.5251,59.3998],[-64.492,59.405],[-64.5129,59.4216],[-64.4526,59.4613],[-64.437,59.4628],[-64.3239,59.5111],[-64.4217,59.5358],[-64.455,59.5246],[-64.5153,59.5157],[-64.5322,59.4993],[-64.5895,59.4694],[-64.6299,59.4828],[-64.6437,59.4585],[-64.6779,59.4473],[-64.6931,59.462],[-64.7303,59.467],[-64.7504,59.4904],[-64.7949,59.4925],[-64.8253,59.5283],[-64.8386,59.5544],[-64.8129,59.569],[-64.7996,59.6166],[-64.8111,59.6462],[-64.7991,59.664],[-64.7728,59.6738],[-64.7822,59.6914],[-64.7494,59.7111],[-64.7581,59.7306],[-64.7925,59.7357],[-64.7876,59.7611],[-64.8061,59.7704],[-64.8106,59.7955],[-64.7903,59.8054],[-64.8191,59.8212],[-64.7334,59.8689],[-64.7681,59.879],[-64.7583,59.8909],[-64.679,59.8805],[-64.6427,59.9061],[-64.6323,59.932],[-64.6616,59.9315],[-64.6625,59.9507],[-64.7854,59.9808],[-64.8228,59.9714],[-64.8748,59.9904],[-64.8708,60.0111],[-64.8908,60.0481],[-64.8701,60.0623],[-64.8248,60.051],[-64.7494,60.0604],[-64.7203,60.0579],[-64.7093,60.0835],[-64.7461,60.1],[-64.7432,60.1101],[-64.6797,60.1044],[-64.6635,60.1131],[-64.6235,60.1068],[-64.5807,60.1327],[-64.6047,60.1441],[-64.5949,60.167],[-64.699,60.1739],[-64.7242,60.1669],[-64.7883,60.2061],[-64.8475,60.2247],[-64.8555,60.2685],[-64.8247,60.2697],[-64.7815,60.2831],[-64.7368,60.2892],[-64.7066,60.2793],[-64.6921,60.294],[-64.6028,60.2972],[-64.5711,60.3114],[-64.58,60.3299],[-64.6244,60.3442],[-64.6621,60.3433],[-64.7321,60.3652],[-64.8459,60.3719],[-64.8563,60.3608],[-64.8327,60.3392],[-64.8719,60.2879],[-64.9461,60.2711],[-64.9612,60.2534],[-64.9485,60.231],[-64.9666,60.1766],[-65.0102,60.1592],[-65.0372,60.1264],[-65.1426,60.062],[-65.1389,60.0291],[-65.2077,59.9691],[-65.2122,59.9487],[-65.236,59.9257],[-65.3106,59.8826],[-65.3343,59.8812],[-65.3378,59.8605],[-65.3922,59.8446],[-65.4291,59.8217],[-65.4636,59.8161],[-65.4929,59.7934],[-65.5121,59.767],[-65.5592,59.7418],[-65.5666,59.6905],[-65.5404,59.6788],[-65.5378,59.664],[-65.4607,59.6141],[-65.4413,59.59],[-65.4415,59.5693],[-65.527,59.4697],[-65.6482,59.407],[-65.8489,59.2833],[-65.8658,59.2424],[-65.8007,59.206],[-65.8264,59.1737],[-65.8306,59.1552],[-65.9229,59.0585],[-65.9235,58.9931],[-65.945,58.9723],[-65.9707,58.984],[-66.045,58.9753],[-66.0311,58.9451],[-65.9849,58.9385],[-66.002,58.9144],[-66.0951,58.8613],[-66.3585,58.8596],[-66.3718,58.8671],[-66.4446,58.8574],[-66.4667,58.8591],[-66.4937,58.8385],[-66.5124,58.8033],[-66.4961,58.7654],[-66.5511,58.7161],[-66.5492,58.7034],[-66.5864,58.6618],[-66.6854,58.6381],[-66.6655,58.6025],[-66.6793,58.5933],[-66.7016,58.5545],[-66.7367,58.5161],[-66.7867,58.4976],[-66.8055,58.505],[-66.937,58.5159],[-67.0124,58.4976],[-67.0183,58.476],[-67.0623,58.4509],[-67.1019,58.4425],[-67.1156,58.4195],[-67.1986,58.4002],[-67.2004,58.3825],[-67.2259,58.3635],[-67.2539,58.3559],[-67.3062,58.3563],[-67.3388,58.3384],[-67.3652,58.3143],[-67.389,58.3127],[-67.4406,58.3327],[-67.3979,58.3618],[-67.448,58.3956],[-67.4721,58.4475],[-67.5043,58.4627],[-67.5561,58.4381],[-67.5965,58.4347],[-67.6206,58.4249],[-67.661,58.4458],[-67.664,58.4614],[-67.7043,58.4728],[-67.7392,58.4925],[-67.9188,58.5314],[-67.9525,58.55],[-67.9534,58.563],[-68.0002,58.5904],[-68.0396,58.5732],[-68.094,58.5711],[-68.2202,58.5763],[-68.2684,58.6163],[-68.2607,58.6551],[-68.2771,58.6778],[-68.2774,58.7502],[-68.257,58.8177],[-68.3131,58.8571],[-68.342,58.8719],[-68.4173,58.8892],[-68.4299,58.9033],[-68.5408,58.9392],[-68.5816,58.9414],[-68.7501,58.9343],[-68.7978,58.9288],[-68.8923,58.9241],[-69.0481,59.0704],[-69.0444,59.0877],[-69.0776,59.104],[-69.0935,59.1298],[-69.117,59.1431],[-69.1358,59.1711],[-69.2057,59.2235],[-69.2274,59.2646],[-69.2137,59.2952],[-69.2317,59.3074],[-69.2321,59.3464],[-69.3215,59.3616],[-69.3723,59.3591],[-69.4036,59.3787],[-69.5695,59.4537],[-69.6248,59.4707],[-69.6373,59.5287],[-69.5887,59.5593],[-69.5433,59.5692],[-69.5429,59.5855],[-69.4953,59.613],[-69.4834,59.6348],[-69.4842,59.6712],[-69.5113,59.6952],[-69.5401,59.7407],[-69.5327,59.7578],[-69.4793,59.791],[-69.5267,59.8136],[-69.5294,59.8235],[-69.5066,59.8587],[-69.4883,59.8701],[-69.5103,59.8841],[-69.5798,59.8929],[-69.6209,59.907],[-69.6276,59.9205],[-69.611,59.9383],[-69.6213,59.9556],[-69.5919,59.9617],[-69.5578,60.0716],[-69.5422,60.0938],[-69.5861,60.1153],[-69.5858,60.1315],[-69.5603,60.1562],[-69.5916,60.1696],[-69.5966,60.2003],[-69.5833,60.2219],[-69.6185,60.2292],[-69.6488,60.2787],[-69.6679,60.332],[-69.6613,60.3561],[-69.6897,60.3929],[-69.7173,60.4087],[-69.7298,60.4368],[-69.711,60.4601],[-69.6734,60.5427],[-69.6225,60.5794],[-69.6224,60.5948],[-69.6458,60.6202],[-69.6756,60.6727],[-69.6419,60.7043],[-69.5666,60.7192],[-69.5257,60.7549],[-69.4748,60.7651],[-69.3789,60.7967],[-69.3574,60.8145],[-69.3801,60.834],[-69.3725,60.8548],[-69.3897,60.8679],[-69.3705,60.9154],[-69.4199,60.9499],[-69.4431,60.9559],[-69.4966,61.0626],[-69.5515,61.0794],[-69.594,61.0818],[-69.6111,61.0655],[-69.6445,61.0578],[-69.6987,60.9953],[-69.6853,60.9809],[-69.6822,60.9429],[-69.7624,60.9183],[-69.9641,60.9454],[-69.9423,60.9671],[-69.941,60.9866],[-69.9109,61.0018],[-69.9493,61.0406],[-69.9845,61.0321],[-69.9827,61.0165],[-70.0235,60.9977],[-69.9917,60.9492],[-70.086,60.9615],[-70.1541,61.0115],[-70.1456,61.0274],[-70.1154,61.0424],[-70.1052,61.0695],[-70.143,61.0883],[-70.2399,61.0932],[-70.3019,61.1015],[-70.4107,61.0867],[-70.6706,61.0565],[-70.7116,61.0803],[-70.7381,61.0852],[-70.8434,61.0786],[-70.8838,61.0885],[-70.9354,61.1158],[-71.04,61.1357],[-71.0755,61.131],[-71.1606,61.1433],[-71.2163,61.1621],[-71.3396,61.1565],[-71.4428,61.1827],[-71.4364,61.2237],[-71.5303,61.238],[-71.6071,61.263],[-71.6278,61.2809],[-71.6363,61.3254],[-71.5634,61.4102],[-71.5656,61.5449],[-71.5165,61.5813],[-71.5125,61.6083],[-71.5461,61.6132],[-71.5779,61.6329],[-71.6429,61.6581],[-71.7124,61.6667],[-71.818,61.6977],[-71.8949,61.7068],[-72.0272,61.7299],[-72.0728,61.7574],[-72.1131,61.799],[-72.1748,61.834],[-72.1823,61.8562],[-72.2278,61.8824],[-72.2656,61.8895],[-72.329,61.8891],[-72.3814,61.8943],[-72.4407,61.9073],[-72.4911,61.9296],[-72.5794,61.9782],[-72.5932,62.027],[-72.5833,62.0529],[-72.6074,62.0709],[-72.6,62.094],[-72.6135,62.1121],[-72.6697,62.1312],[-72.75,62.144],[-72.7847,62.1352],[-72.8638,62.1445],[-72.918,62.1649],[-72.9412,62.1668],[-73.0011,62.1954],[-73.0437,62.2022],[-73.0832,62.2175],[-73.1631,62.2632],[-73.1689,62.2957],[-73.2132,62.3206],[-73.2911,62.3322],[-73.3705,62.3634],[-73.3887,62.3765],[-73.4599,62.3826],[-73.5905,62.4162],[-73.6142,62.4422],[-73.6419,62.4543],[-73.6701,62.4799],[-73.6963,62.4836],[-73.7882,62.4652],[-73.8506,62.4634],[-73.8979,62.4388],[-73.9341,62.41],[-74.0097,62.3715],[-74.0511,62.3591],[-74.111,62.3552],[-74.1857,62.3431],[-74.2003,62.3334],[-74.2563,62.3255],[-74.2976,62.2869],[-74.3364,62.2768],[-74.3507,62.262],[-74.4023,62.2503],[-74.4754,62.2478],[-74.5771,62.2545],[-74.6062,62.2598],[-74.6474,62.2542],[-74.708,62.2549],[-74.8033,62.2404],[-74.8699,62.2417],[-74.9147,62.2562],[-74.9745,62.2667],[-75.0772,62.2699],[-75.109,62.283],[-75.232,62.2989],[-75.2809,62.3002],[-75.3408,62.3169],[-75.4535,62.3036],[-75.5522,62.2961],[-75.575,62.2874],[-75.6497,62.2953],[-75.6925,62.2948],[-75.7186,62.3035],[-75.7816,62.3069],[-75.866,62.3227],[-75.9392,62.3508],[-75.9632,62.3474],[-76.0344,62.3552],[-76.1102,62.378],[-76.1836,62.3866],[-76.2198,62.3993],[-76.2561,62.4017],[-76.2932,62.4178],[-76.3487,62.4209],[-76.3927,62.4328],[-76.4325,62.4253],[-76.4575,62.4404],[-76.5524,62.4579],[-76.7172,62.5029],[-76.8119,62.5236],[-76.8656,62.525],[-76.9285,62.5376],[-77.0204,62.5308],[-77.114,62.5368],[-77.1626,62.5363],[-77.1954,62.5445],[-77.2558,62.5467],[-77.3111,62.5576],[-77.3453,62.5551],[-77.4225,62.5805],[-77.4797,62.5774],[-77.5055,62.5822],[-77.5194,62.5551],[-77.5688,62.5329],[-77.6056,62.5264],[-77.6938,62.4992],[-77.6936,62.4861],[-77.7218,62.4688],[-77.7695,62.4645],[-77.819,62.4438],[-77.8338,62.4301],[-77.9131,62.4298],[-77.9377,62.4201],[-77.9756,62.3876],[-78.0068,62.371],[-78.0912,62.3622],[-78.1195,62.3269],[-78.1477,62.3196],[-78.1764,62.2855],[-78.177,62.2665],[-78.2019,62.2548],[-78.1638,62.2069],[-78.1817,62.1864],[-78.1726,62.1725],[-78.1857,62.1452],[-78.1627,62.1151],[-78.1644,62.0857],[-78.1482,62.0251],[-78.1629,61.9976],[-78.1131,61.9566],[-78.1205,61.943],[-78.0915,61.9275],[-78.104,61.8663],[-78.0582,61.8276],[-78.0533,61.7917],[-78.0375,61.7826],[-78.0253,61.7301],[-77.9924,61.6827],[-77.9414,61.6631],[-77.9282,61.6427],[-77.8926,61.6398],[-77.8875,61.6237],[-77.8065,61.4664],[-77.8197,61.443],[-77.7982,61.4181],[-77.7735,61.3347],[-77.7836,61.3177],[-77.7615,61.3032],[-77.7713,61.2769],[-77.7436,61.2594],[-77.793,61.2409],[-77.7907,61.1668],[-77.8237,61.1481],[-77.8279,61.1179],[-77.8182,61.1047],[-77.8327,61.083],[-77.8314,61.0578],[-77.8676,61.0549],[-77.9669,61.0085],[-77.9957,60.9815],[-78.0253,60.9728],[-78.0471,60.9408],[-78.098,60.9297],[-78.1417,60.8801],[-78.193,60.8591],[-78.2046,60.8284],[-78.2213,60.8161],[-78.2278,60.7886],[-78.1327,60.797],[-78.076,60.7915],[-77.8446,60.66],[-77.8459,60.6422],[-77.8924,60.6073],[-77.9097,60.6043],[-77.9051,60.5697],[-77.8696,60.5537],[-77.7382,60.4526],[-77.7631,60.4335],[-77.7534,60.4224],[-77.7725,60.4055],[-77.7594,60.3862],[-77.7051,60.3509],[-77.6739,60.3404],[-77.607,60.291],[-77.6354,60.2533],[-77.5792,60.2008],[-77.5718,60.187],[-77.6129,60.1152],[-77.6076,60.0974],[-77.6467,60.0702],[-77.625,60.0546],[-77.4673,59.9181],[-77.4763,59.7991],[-77.4945,59.7765],[-77.5451,59.7564],[-77.6038,59.7564],[-77.7383,59.7637],[-77.76,59.762],[-77.8476,59.7263],[-77.8631,59.6701],[-77.8557,59.6555],[-77.8781,59.6358],[-77.8767,59.6219],[-77.8429,59.6118],[-77.8352,59.5886],[-77.8521,59.5709],[-77.8461,59.5523],[-77.8698,59.5337],[-77.8695,59.5188],[-77.9052,59.501],[-77.9407,59.4362],[-77.9891,59.2622],[-78.0574,59.2295],[-78.0934,59.2202],[-78.1429,59.2183],[-78.1521,59.195],[-78.1958,59.1719],[-78.1993,59.1579],[-78.2528,59.1106],[-78.3071,59.0543],[-78.5261,58.952],[-78.5801,58.9147],[-78.5804,58.8985],[-78.5571,58.8515],[-78.5884,58.8127],[-78.6287,58.8153],[-78.5827,58.7696],[-78.539,58.7513],[-78.5547,58.6925],[-78.5978,58.6765],[-78.5832,58.6436],[-78.5528,58.6437],[-78.5101,58.6319],[-78.4776,58.6043],[-78.4817,58.5769],[-78.4406,58.5487],[-78.3627,58.5308],[-78.2403,58.4942],[-78.2067,58.4039],[-78.0915,58.3676],[-78.0351,58.3671],[-77.9779,58.3441],[-77.9099,58.3383],[-77.9007,58.3273],[-77.8036,58.301],[-77.7206,58.2746],[-77.6825,58.2732],[-77.6502,58.264],[-77.5937,58.2207],[-77.5612,58.2102],[-77.5239,58.1647],[-77.4922,58.1491],[-77.4156,58.1315],[-77.3943,58.0979],[-77.3422,58.0873],[-77.26,58.0504],[-77.2369,58.0301],[-77.226,58.0076],[-77.1739,57.9931],[-77.1741,57.9779],[-77.1505,57.9561],[-77.09,57.9301],[-77.082,57.9038],[-77.0491,57.8928],[-77.0558,57.8781],[-77.0361,57.8556],[-77.0121,57.8473],[-76.9474,57.766],[-76.9234,57.7561],[-76.8998,57.7252],[-76.8856,57.6943],[-76.8658,57.6757],[-76.8411,57.6367],[-76.8646,57.6286],[-76.8396,57.5922],[-76.7739,57.5114],[-76.7806,57.5013],[-76.7592,57.463],[-76.7157,57.4467],[-76.6878,57.3863],[-76.6623,57.3699],[-76.6566,57.3338],[-76.6254,57.2873],[-76.6172,57.24],[-76.6066,57.2287],[-76.5924,57.1839],[-76.5816,57.1292],[-76.5621,57.0945],[-76.5617,57.0689],[-76.5761,57.0488],[-76.5768,57.0244],[-76.5618,56.9913],[-76.5703,56.9766],[-76.5713,56.9406],[-76.5524,56.8991],[-76.535,56.8246],[-76.539,56.7659],[-76.537,56.6893],[-76.5415,56.6584],[-76.5341,56.6379],[-76.5483,56.6274],[-76.5371,56.5985],[-76.5456,56.5661],[-76.558,56.5567],[-76.5409,56.5322],[-76.5559,56.5177],[-76.5468,56.5047],[-76.5525,56.4758],[-76.5236,56.4635],[-76.5249,56.427],[-76.5441,56.4085],[-76.5311,56.3735],[-76.5492,56.3407],[-76.5493,56.3021],[-76.5646,56.2803],[-76.624,56.2426],[-76.6171,56.2023],[-76.6521,56.1914],[-76.6604,56.1624],[-76.6441,56.1473],[-76.651,56.126],[-76.6882,56.0834],[-76.69,56.0586],[-76.7276,56.0208],[-76.775,56.0126],[-76.7998,56.0013],[-76.8104,55.9587],[-76.8297,55.9307],[-76.8755,55.921],[-76.8861,55.9008],[-76.9943,55.8233],[-76.9996,55.8072],[-77.0574,55.7653],[-77.0931,55.7446],[-77.1394,55.7058],[-77.1987,55.6698],[-77.1762,55.644],[-77.2253,55.611],[-77.2386,55.5932],[-77.3368,55.5454],[-77.3599,55.5213],[-77.4041,55.5024],[-77.51,55.4294],[-77.5847,55.3854],[-77.6221,55.3864],[-77.6741,55.3585],[-77.7091,55.3327],[-77.7258,55.333],[-77.771,55.2814],[-77.7897,55.2696],[-77.8495,55.2535],[-77.9154,55.2183],[-77.9911,55.1972],[-78.0317,55.1783],[-78.1272,55.1497],[-78.1997,55.1193],[-78.2092,55.1049],[-78.2733,55.0797],[-78.2813,55.0644],[-78.3346,55.0408],[-78.4099,55.0186],[-78.4874,55.0049],[-78.5709,54.9815],[-78.5901,54.9662],[-78.6796,54.9349],[-78.7125,54.935],[-78.7526,54.9237],[-78.7847,54.9073],[-78.8225,54.9105],[-78.8938,54.8965],[-78.8917,54.8879],[-78.9476,54.8709],[-78.9423,54.8559],[-78.9816,54.8339],[-79.0158,54.8373],[-79.0443,54.8237],[-79.1033,54.8184],[-79.1905,54.7978],[-79.2277,54.7983],[-79.274,54.7895],[-79.3486,54.7667],[-79.4489,54.76],[-79.4792,54.7406],[-79.5238,54.7256],[-79.5746,54.7205],[-79.6001,54.7007],[-79.654,54.6897],[-79.6605,54.6785],[-79.7024,54.6587],[-79.7512,54.6492],[-79.7634,54.6319],[-79.6859,54.6185],[-79.6122,54.5568],[-79.5779,54.5331],[-79.534,54.5192],[-79.5436,54.4997],[-79.5361,54.4671],[-79.5461,54.4608],[-79.5089,54.4145],[-79.4924,54.3778],[-79.5139,54.3656],[-79.4859,54.3496],[-79.4725,54.328],[-79.4862,54.305],[-79.4786,54.2313],[-79.3952,54.1764],[-79.2882,54.0634],[-79.214,54.0001],[-79.1014,53.8978],[-79.0926,53.8639],[-79.0823,53.758],[-79.1498,53.6919],[-79.1034,53.6715],[-79.0612,53.6134],[-79.0869,53.5464],[-79.1116,53.5083],[-79.1428,53.4912],[-79.1171,53.4806],[-79.1121,53.4654],[-79.0774,53.4403],[-79.0653,53.408],[-78.9884,53.4024],[-78.9503,53.3805],[-78.9587,53.3645],[-78.9828,53.352],[-78.9787,53.3261],[-79.0044,53.3121],[-79.0168,53.2695],[-78.9493,53.2349],[-78.9391,53.2117],[-78.9721,53.1711],[-78.947,53.1387],[-78.976,53.1228],[-78.9745,53.1018],[-78.998,53.0935],[-78.9925,53.0643],[-78.9921,53.0128],[-78.969,53.003],[-78.9565,52.9447],[-78.8767,52.8705],[-78.8715,52.7395],[-78.8275,52.6991],[-78.8144,52.6381],[-78.7786,52.6219],[-78.7648,52.5697],[-78.7678,52.5427],[-78.7182,52.5235],[-78.6732,52.5136],[-78.6251,52.5117],[-78.5895,52.5172],[-78.5661,52.4983],[-78.5707,52.4854],[-78.5559,52.4528],[-78.5775,52.4383],[-78.5881,52.4166],[-78.5833,52.396],[-78.5212,52.3508],[-78.5207,52.313],[-78.5624,52.2916],[-78.5578,52.2702],[-78.5831,52.2528],[-78.5762,52.2088],[-78.5582,52.2099],[-78.5502,52.1848],[-78.5607,52.1579],[-78.597,52.1079],[-78.6622,52.0766],[-78.6646,52.0546],[-78.7106,52.048],[-78.7001,52.0316],[-78.7802,51.9696],[-78.8042,51.956],[-78.8424,51.946],[-78.8853,51.9575],[-78.8963,51.9013],[-78.9661,51.8025],[-78.9794,51.801],[-79.0481,51.7643],[-79.0355,51.7417],[-78.9975,51.7327],[-78.9921,51.7037],[-78.9448,51.6923],[-78.9441,51.6598],[-78.9273,51.6464],[-78.8892,51.6408],[-78.8469,51.6092],[-78.816,51.5346],[-78.8281,51.5147],[-78.8012,51.4727],[-78.8197,51.4506],[-78.9797,51.4615],[-79.0531,51.5129],[-79.0979,51.5379],[-79.1539,51.5261],[-79.2022,51.5367],[-79.2231,51.5466],[-79.2429,51.5759],[-79.2367,51.5999],[-79.2196,51.6201],[-79.2166,51.6422],[-79.2844,51.645],[-79.3033,51.6583],[-79.3015,51.6727],[-79.391,51.6596],[-79.4041,51.6445],[-79.4295,51.6386],[-79.4698,51.604],[-79.5183,51.5828],[-79.5178,51.25],[-79.5178,51.0002],[-79.5178,50.7498],[-79.5178,50.5],[-79.5178,50.25],[-79.5178,49.8561],[-79.5179,49.4576],[-79.5179,49.1827],[-79.5178,49.0091],[-79.0535,49.0093],[-79.0535,49],[-79.0533,49],[-78.9713,48.9998],[-78.9661,48.9998],[-78.9499,48.9997],[-78.9033,48.9996],[-78.9033,49.0095],[-78.7529,49.0092],[-78.7529,49.0001],[-78.4244,49.0001],[-78.1137,49.0001],[-77.6247,49.0001],[-77.3747,49.0001],[-76.9997,49.0001],[-76.7497,49.0001],[-76.3747,49.0001],[-76.1247,49.0001],[-75.9997,49.0001],[-75.7496,49.0001],[-75.5206,49.0001],[-75,49.0001],[-74.6763,49.0001],[-74.6284,48.9679],[-74.5981,48.9637],[-74.5858,48.9952],[-74.5564,48.998],[-74.4956,48.9294],[-74.4733,48.9467],[-74.4537,48.9714],[-74.4163,48.9347],[-74.3307,48.9323],[-74.3372,48.9624],[-74.2948,48.9782],[-74.2827,48.9993],[-74.3034,49.0147],[-74.2899,49.0649],[-74.2782,49.0702],[-74.267,49.1041],[-74.2645,49.1371],[-74.2444,49.1359],[-74.253,49.1703],[-74.2278,49.2149],[-74.2297,49.2825],[-74.25,49.2807],[-74.2946,49.2891],[-74.3018,49.272],[-74.362,49.3005],[-74.3744,49.3161],[-74.407,49.3143],[-74.4327,49.327],[-74.3934,49.37],[-74.4123,49.3749],[-74.4054,49.4282],[-74.3843,49.4333],[-74.3767,49.4577],[-74.3937,49.4748],[-74.3695,49.4843],[-74.3466,49.5035],[-74.3227,49.4901],[-74.2889,49.4954],[-74.2538,49.5126],[-74.2617,49.529],[-74.2496,49.5694],[-74.1978,49.6116],[-74.1844,49.6458],[-74.1913,49.6557],[-74.181,49.6795],[-74.1441,49.6786],[-74.1113,49.7049],[-74.0984,49.7354],[-74.0166,49.7353],[-74.0166,49.8019],[-74.0034,49.8058],[-73.9831,49.8334],[-73.9552,49.8439],[-73.9122,49.8927],[-73.9089,49.9295],[-73.8958,49.9543],[-73.8681,49.9684],[-73.8517,50.0112],[-73.8283,50.011],[-73.8053,50.0288],[-73.7872,50.0565],[-73.7899,50.1014],[-73.7754,50.1205],[-73.7923,50.136],[-73.7732,50.1499],[-73.7844,50.1741],[-73.7703,50.2153],[-73.7453,50.2317],[-73.7313,50.2159],[-73.6972,50.2148],[-73.6723,50.2262],[-73.6787,50.2373],[-73.6547,50.2578],[-73.6188,50.3056],[-73.6102,50.3845],[-73.5934,50.4035],[-73.574,50.3966],[-73.584,50.3716],[-73.5695,50.3607],[-73.5273,50.3794],[-73.4935,50.3825],[-73.4776,50.3687],[-73.4566,50.3714],[-73.4578,50.4044],[-73.4362,50.4368],[-73.3998,50.4681],[-73.3855,50.5153],[-73.3583,50.5291],[-73.3333,50.5806],[-73.3105,50.5768],[-73.3058,50.6109],[-73.2724,50.6465],[-73.2471,50.694],[-73.2243,50.7023],[-73.1837,50.7015],[-73.1722,50.7293],[-73.1454,50.7508],[-73.0904,50.74],[-73.0738,50.7229],[-73.0737,50.704],[-73.0231,50.6979],[-73.0399,50.6693],[-72.9907,50.6743],[-72.9875,50.6861],[-72.9396,50.7149],[-72.9277,50.7514],[-72.8911,50.7881],[-72.8579,50.8124],[-72.7823,50.8255],[-72.752,50.8209],[-72.75,50.8019],[-72.6831,50.7652],[-72.684,50.7528],[-72.6477,50.7483],[-72.6385,50.7742],[-72.6142,50.7981],[-72.6013,50.8403],[-72.5584,50.8809],[-72.5497,50.8548],[-72.568,50.8284],[-72.5617,50.8206],[-72.5629,50.767],[-72.5224,50.7544],[-72.4864,50.7535],[-72.4703,50.7843],[-72.4499,50.7817],[-72.3975,50.8133],[-72.3762,50.8616],[-72.3782,50.8881],[-72.3406,50.8852],[-72.3008,50.919],[-72.2922,50.9536],[-72.2693,50.9514],[-72.2601,50.9719],[-72.2581,51.0054],[-72.2333,51.0066],[-72.222,51.0255],[-72.203,51.0291],[-72.1865,51.014],[-72.1863,50.9843],[-72.1662,50.9784],[-72.1524,51.0059],[-72.1557,51.0316],[-72.106,51.1179],[-72.0741,51.1507],[-72.025,51.1499],[-72.0216,51.17],[-71.9993,51.178],[-72.0058,51.2234],[-71.9599,51.2428],[-71.9514,51.2587],[-71.9228,51.2786],[-71.8845,51.2711],[-71.87,51.2782],[-71.8786,51.3104],[-71.8644,51.3248],[-71.8664,51.3455],[-71.834,51.367],[-71.805,51.353],[-71.7769,51.3649],[-71.7247,51.3587],[-71.6864,51.4127],[-71.712,51.4282],[-71.6861,51.4434],[-71.66,51.4771],[-71.6319,51.5005],[-71.5831,51.5067],[-71.5713,51.5239],[-71.5907,51.5469],[-71.5765,51.5884],[-71.597,51.5915],[-71.6017,51.6164],[-71.5912,51.633],[-71.5971,51.6797],[-71.6107,51.6927],[-71.5774,51.7414],[-71.5833,51.7595],[-71.5705,51.7914],[-71.5742,51.8142],[-71.5266,51.8321],[-71.4884,51.8367],[-71.4586,51.8328],[-71.4183,51.8441],[-71.4023,51.8366],[-71.3755,51.8508],[-71.347,51.9129],[-71.3236,51.9244],[-71.3089,51.9483],[-71.306,51.9721],[-71.2703,51.9941],[-71.2405,52.0347],[-71.2625,52.0418],[-71.2442,52.0729],[-71.201,52.0913],[-71.1899,52.1149],[-71.1644,52.1192],[-71.1357,52.1688],[-71.1109,52.1798],[-71.077,52.2114],[-71.0296,52.211],[-70.9877,52.2199],[-70.9741,52.2318],[-70.9244,52.2311],[-70.9145,52.248],[-70.8805,52.279],[-70.8543,52.2674],[-70.8345,52.2757],[-70.8055,52.2724],[-70.8236,52.2502],[-70.8073,52.2348],[-70.7279,52.2581],[-70.6988,52.281],[-70.647,52.2836],[-70.583,52.3042],[-70.5599,52.3171],[-70.5392,52.3013],[-70.4994,52.3131],[-70.482,52.3039],[-70.4295,52.3279],[-70.3918,52.3375],[-70.3389,52.339],[-70.2783,52.3534],[-70.2608,52.3777],[-70.252,52.4125],[-70.2815,52.4211],[-70.2585,52.4544],[-70.2245,52.4623],[-70.2192,52.4847],[-70.1894,52.5122],[-70.1779,52.5398],[-70.2071,52.5546],[-70.2427,52.5619],[-70.1907,52.6018],[-70.1789,52.6219],[-70.2132,52.6235],[-70.2283,52.6344],[-70.2242,52.6567],[-70.1976,52.6479],[-70.1808,52.6629],[-70.1967,52.673],[-70.2041,52.7045],[-70.1516,52.7401],[-70.1569,52.7773],[-70.1284,52.7968],[-70.126,52.8113],[-70.0925,52.8281],[-70.0568,52.8241],[-70.0512,52.8309],[-70.0418,52.8302],[-70.037,52.8326],[-70.0348,52.8328],[-70.0321,52.8321],[-70.031,52.8321],[-70.0304,52.8321],[-70.0299,52.8321]]]},"properties":{"code":"CA-QC-10","name":"Nord-du-Québec","country":"CA"}},
{"type":"Feature","geometry":{"type":"Polygon","coordinates":[[[-67.1533,49.1891],[-66.8324,48.9851],[-66.7335,49.0175],[-66.7061,48.9999],[-66.6968,48.9712],[-66.6956,48.9207],[-66.7044,48.9029],[-66.5373,48.9578],[-66.3744,48.8495],[-66.0909,48.6631],[-66.0068,48.6084],[-65.9485,48.5671],[-66.1301,48.5209],[-66.3678,48.4618],[-66.795,48.3529],[-66.9742,48.3032],[-66.8757,48.1829],[-66.9004,48.2004],[-66.9345,48.1811],[-66.8796,48.137],[-67.0984,48.0852],[-67.0982,48.0784],[-67.2775,48.0315],[-67.3746,48.1949],[-67.6668,48.1185],[-67.6495,48.0904],[-67.5875,48.0494],[-67.5978,48.0001],[-67.6133,47.9798],[-67.608,47.9368],[-67.5589,47.9193],[-67.5101,47.9126],[-67.4384,47.8804],[-67.4094,47.873],[-67.3898,47.8501],[-67.3643,47.8564],[-67.3329,47.8898],[-67.3027,47.8856],[-67.2638,47.8919],[-67.2118,47.8757],[-67.1785,47.882],[-67.1341,47.8982],[-67.1296,47.9153],[-67.1065,47.9133],[-67.0733,47.9216],[-67.0615,47.9347],[-66.9798,47.8939],[-66.9444,47.9027],[-66.9702,47.9153],[-66.9617,47.9461],[-66.9225,47.9835],[-66.8412,48.0023],[-66.7893,47.9913],[-66.6992,48.0054],[-66.5351,48.0465],[-66.5011,48.0776],[-66.472,48.085],[-66.401,48.0896],[-66.3533,48.0811],[-66.3371,48.0697],[-66.3087,48.0343],[-66.2493,48.0377],[-66.1626,48.0492],[-65.8581,48.0222],[-65.6065,47.9336],[-65.5362,47.8286],[-65.1117,47.9211],[-64.644,48.125],[-64.422,48.2206],[-63.7917,48.2206],[-63.6251,48],[-63.4992,47.8318],[-63.3314,47.6058],[-63.0674,47.25],[-62.9864,47.1397],[-62.6643,47],[-62.2999,46.84],[-61.9991,46.8408],[-61.3994,46.84],[-61.3505,47.0097],[-60.9918,47.3294],[-60.7627,47.4233],[-60.4038,47.7611],[-60.4207,48],[-60.4386,48.25],[-60.4686,48.6667],[-60.7491,48.6667],[-61.2491,48.6667],[-61.7491,48.6667],[-62.2491,48.6667],[-62.7491,48.6667],[-62.9991,48.6667],[-62.9991,48.7018],[-63.0867,48.7342],[-63.2143,48.784],[-63.3188,48.829],[-63.4626,48.8966],[-63.6005,48.969],[-63.7497,49.0558],[-63.9009,49.1493],[-64.0583,49.2533],[-64.1638,49.3199],[-64.2613,49.3685],[-64.4127,49.436],[-64.5957,49.5097],[-64.7225,49.5543],[-64.8501,49.5935],[-64.9744,49.6261],[-65.0951,49.6528],[-65.2518,49.6808],[-65.3958,49.6998],[-65.478,49.7082],[-65.6454,49.7179],[-65.7572,49.7187],[-65.8802,49.7141],[-66,49.7041],[-66.0785,49.6927],[-66.214,49.6664],[-66.2957,49.6452],[-66.377,49.6191],[-66.4877,49.5754],[-66.5634,49.5392],[-66.6512,49.4889],[-66.8157,49.3854],[-67.1533,49.1891]]]},"properties":{"code":"CA-QC-11","name":"Gaspésie–Îles-de-la-Madeleine","country":"CA"}},
{"type":"Feature","geometry":{"type":"Polygon","coordinates":[[[-69.8644,47.2198],[-69.9737,47.2913],[-70.003,47.2785],[-70.0791,47.3291],[-70.1983,47.4112],[-70.2884,47.3341],[-70.3004,47.3266],[-70.3095,47.3219],[-70.3228,47.3162],[-70.394,47.2905],[-70.4549,47.2535],[-70.4855,47.2166],[-70.5001,47.1899],[-70.5244,47.1648],[-70.5854,47.1164],[-70.6573,47.0779],[-70.6835,47.0542],[-70.6977,47.0138],[-70.7163,46.9939],[-70.851,46.9161],[-70.9409,46.8837],[-70.9809,46.8558],[-71.0093,46.846],[-71.0772,46.8393],[-71.1292,46.8376],[-71.1683,46.841],[-71.1946,46.8302],[-71.1958,46.8069],[-71.1982,46.8026],[-71.2004,46.7996],[-71.2017,46.7979],[-71.2035,46.7959],[-71.205,46.7942],[-71.2082,46.7908],[-71.2109,46.7882],[-71.2123,46.7869],[-71.2133,46.786],[-71.2141,46.7853],[-71.2232,46.7781],[-71.2272,46.7751],[-71.239,46.7679],[-71.2449,46.7653],[-71.2577,46.7577],[-71.2697,46.751],[-71.2797,46.7477],[-71.2963,46.7448],[-71.3164,46.7425],[-71.3186,46.7421],[-71.3353,46.7378],[-71.345,46.733],[-71.3532,46.728],[-71.3574,46.7265],[-71.3622,46.7253],[-71.3895,46.7209],[-71.3962,46.7198],[-71.4377,46.716],[-71.4458,46.7151],[-71.467,46.7119],[-71.4681,46.7117],[-71.4741,46.7106],[-71.4767,46.7101],[-71.5629,46.685],[-71.6069,46.6786],[-71.6726,46.6529],[-71.759,46.6473],[-71.7789,46.649],[-71.7896,46.6522],[-71.794,46.6541],[-71.7943,46.6543],[-71.7982,46.6562],[-71.8304,46.674],[-71.8609,46.6793],[-71.8831,46.6727],[-71.9267,46.6337],[-71.9812,46.6113],[-72,46.5972],[-72.0187,46.5806],[-72.0265,46.576],[-72.0316,46.5745],[-72.0375,46.5731],[-72.0438,46.5719],[-72.0482,46.5712],[-72.0543,46.5705],[-72.0356,46.5579],[-72.0322,46.5534],[-72.0284,46.553],[-72.0134,46.5427],[-72.0118,46.5437],[-71.9307,46.4862],[-71.8481,46.4271],[-71.7952,46.3894],[-71.79,46.3856],[-71.7757,46.3755],[-71.7737,46.374],[-71.766,46.3684],[-71.7626,46.366],[-71.7597,46.3639],[-71.7568,46.3659],[-71.7535,46.3681],[-71.7402,46.377],[-71.7151,46.3935],[-71.6176,46.4517],[-71.5655,46.4128],[-71.5309,46.434],[-71.479,46.3959],[-71.5081,46.3766],[-71.4941,46.3665],[-71.4814,46.356],[-71.4829,46.355],[-71.4876,46.352],[-71.492,46.3491],[-71.502,46.3426],[-71.5085,46.3384],[-71.5079,46.3381],[-71.5046,46.3364],[-71.5024,46.3353],[-71.5,46.3341],[-71.4857,46.3271],[-71.4456,46.3064],[-71.3719,46.2678],[-71.4193,46.2233],[-71.4455,46.2202],[-71.4668,46.2312],[-71.4833,46.2066],[-71.5295,46.1631],[-71.5339,46.1492],[-71.5097,46.1373],[-71.5528,46.0959],[-71.6861,45.9667],[-71.5621,45.906],[-71.5514,45.9161],[-71.5017,45.8909],[-71.4554,45.8721],[-71.4664,45.8217],[-71.4614,45.8166],[-71.4597,45.8154],[-71.4361,45.7992],[-71.4311,45.7956],[-71.4297,45.7946],[-71.4021,45.7756],[-71.3917,45.7702],[-71.3907,45.7725],[-71.3896,45.7738],[-71.3874,45.7739],[-71.3866,45.7737],[-71.3858,45.7735],[-71.3843,45.7735],[-71.3839,45.7735],[-71.3817,45.7741],[-71.3801,45.7746],[-71.3782,45.7754],[-71.3568,45.7895],[-71.3517,45.7943],[-71.351,45.7951],[-71.3469,45.7998],[-71.3428,45.8054],[-71.34,45.8109],[-71.3395,45.8141],[-71.3397,45.8155],[-71.3412,45.8209],[-71.3413,45.8215],[-71.3416,45.8237],[-71.3414,45.8249],[-71.3377,45.8335],[-71.338,45.8396],[-71.3414,45.8511],[-71.3466,45.8569],[-71.3507,45.8586],[-71.3521,45.8631],[-71.3505,45.8664],[-71.3487,45.8715],[-71.3277,45.8611],[-71.3243,45.8591],[-71.3094,45.8503],[-71.2941,45.8416],[-71.279,45.8328],[-71.25,45.834],[-71.2436,45.8332],[-71.2393,45.8368],[-71.2317,45.8432],[-71.2289,45.8457],[-71.212,45.8359],[-71.1905,45.8231],[-71.1781,45.8151],[-71.1696,45.8222],[-71.1661,45.8251],[-71.1601,45.8301],[-71.1587,45.8314],[-71.1584,45.8317],[-71.1583,45.8318],[-71.1582,45.8319],[-71.1576,45.8323],[-71.1576,45.8324],[-71.1575,45.8324],[-71.1574,45.8326],[-71.1574,45.8327],[-71.1573,45.8328],[-71.1571,45.8329],[-71.1571,45.833],[-71.1569,45.833],[-71.1568,45.8331],[-71.1568,45.8332],[-71.1567,45.8332],[-71.1567,45.8333],[-71.1568,45.8333],[-71.1568,45.8334],[-71.1561,45.834],[-71.1556,45.8344],[-71.1549,45.8351],[-71.1539,45.8359],[-71.1532,45.8365],[-71.1507,45.8414],[-71.1502,45.8463],[-71.1501,45.8464],[-71.1349,45.86],[-71.1514,45.8794],[-71.1533,45.8824],[-71.1534,45.8826],[-71.1537,45.8831],[-71.1546,45.8854],[-71.1552,45.8885],[-71.1552,45.8904],[-71.155,45.8939],[-71.1542,45.9003],[-71.1534,45.9041],[-71.1552,45.9146],[-71.1555,45.915],[-71.1572,45.9172],[-71.1575,45.9177],[-71.1584,45.9187],[-71.1633,45.9244],[-71.1502,45.9374],[-71.1488,45.9388],[-71.1408,45.9467],[-71.1332,45.9541],[-71.1298,45.9574],[-71.1296,45.9574],[-71.1295,45.9573],[-71.1294,45.9573],[-71.1293,45.9572],[-71.1281,45.9566],[-71.1279,45.9565],[-71.1256,45.9554],[-71.1252,45.9552],[-71.1235,45.9544],[-71.1168,45.951],[-71.1164,45.9508],[-71.1156,45.9505],[-71.1143,45.9498],[-71.112,45.9486],[-71.1085,45.947],[-71.1084,45.9469],[-71.1071,45.9462],[-71.1053,45.9454],[-71.1027,45.9441],[-71.0983,45.9419],[-71.093,45.9393],[-71.0915,45.9386],[-71.0899,45.9379],[-71.0878,45.9367],[-71.0801,45.9329],[-71.08,45.9329],[-71.0797,45.9327],[-71.0776,45.9317],[-71.0707,45.9283],[-71.0757,45.9232],[-71.0812,45.9176],[-71.0823,45.9181],[-71.0924,45.9063],[-71.0901,45.9052],[-71.086,45.9032],[-71.0805,45.9005],[-71.0787,45.8996],[-71.067,45.8938],[-71.0599,45.8903],[-71.0514,45.8861],[-71.0504,45.8856],[-71.0348,45.8779],[-71.035,45.8779],[-71.0301,45.8754],[-71.0297,45.8752],[-71.0277,45.8741],[-71.0265,45.8735],[-71.024,45.8723],[-71.0226,45.8716],[-71.022,45.8713],[-71.0218,45.8712],[-71.0214,45.8712],[-71.0211,45.8711],[-71.021,45.8711],[-71.0196,45.8704],[-71.019,45.8702],[-71.0218,45.8665],[-71.0293,45.8593],[-71.025,45.8572],[-71.0095,45.8496],[-70.9941,45.8418],[-70.9932,45.8413],[-70.9902,45.8399],[-70.9779,45.8501],[-70.9772,45.8498],[-70.9766,45.8495],[-70.9743,45.8485],[-70.9742,45.8484],[-70.9734,45.848],[-70.973,45.8478],[-70.9709,45.8468],[-70.9688,45.8457],[-70.9668,45.8448],[-70.9654,45.8441],[-70.9643,45.8435],[-70.9624,45.8426],[-70.9621,45.8425],[-70.9609,45.8418],[-70.9602,45.8415],[-70.9538,45.8384],[-70.9482,45.8356],[-70.9478,45.8354],[-70.9357,45.8454],[-70.9338,45.8445],[-70.9249,45.8405],[-70.9228,45.8395],[-70.9151,45.8384],[-70.9148,45.8416],[-70.8983,45.8394],[-70.898,45.8323],[-70.8978,45.8252],[-70.897,45.811],[-70.8966,45.8014],[-70.8962,45.7942],[-70.8961,45.7895],[-70.8956,45.78],[-70.872,45.7803],[-70.8574,45.7805],[-70.8482,45.7806],[-70.8431,45.7807],[-70.8347,45.7808],[-70.8305,45.7809],[-70.8208,45.781],[-70.802,45.7812],[-70.7901,45.7813],[-70.7787,45.7814],[-70.7726,45.7815],[-70.7659,45.7816],[-70.7503,45.7818],[-70.7396,45.7819],[-70.7308,45.782],[-70.7243,45.7821],[-70.721,45.7822],[-70.6991,45.7826],[-70.6904,45.7827],[-70.6832,45.7829],[-70.6706,45.7833],[-70.6685,45.7834],[-70.6614,45.7855],[-70.6608,45.786],[-70.6595,45.7873],[-70.6578,45.7896],[-70.6576,45.7898],[-70.6567,45.7911],[-70.6564,45.7916],[-70.6563,45.7919],[-70.6554,45.7937],[-70.6534,45.7958],[-70.6529,45.7967],[-70.6528,45.797],[-70.653,45.7983],[-70.6531,45.7986],[-70.6537,45.8027],[-70.6511,45.8027],[-70.6508,45.8027],[-70.6488,45.8022],[-70.6411,45.7916],[-70.6395,45.7893],[-70.6382,45.7875],[-70.6334,45.7808],[-70.5752,45.799],[-70.5658,45.8023],[-70.5562,45.8058],[-70.5356,45.8136],[-70.5331,45.8145],[-70.5315,45.8151],[-70.4997,45.8268],[-70.4941,45.8197],[-70.4867,45.8102],[-70.482,45.804],[-70.4748,45.7946],[-70.4483,45.7973],[-70.4341,45.8023],[-70.4218,45.8067],[-70.416,45.7991],[-70.4014,45.796],[-70.388,45.8188],[-70.3419,45.8523],[-70.3078,45.8588],[-70.2739,45.8796],[-70.2539,45.9025],[-70.2631,45.924],[-70.2395,45.9398],[-70.2654,45.9628],[-70.3125,45.9621],[-70.3024,45.9987],[-70.3136,46.0223],[-70.2796,46.0523],[-70.3069,46.0611],[-70.2897,46.0946],[-70.2553,46.109],[-70.2373,46.1448],[-70.2776,46.1746],[-70.2927,46.1915],[-70.2709,46.2115],[-70.2486,46.2671],[-70.2316,46.291],[-70.2056,46.3002],[-70.2089,46.3295],[-70.1753,46.3581],[-70.1488,46.3589],[-70.1016,46.3971],[-70.0951,46.4099],[-70.0566,46.4166],[-69.9971,46.6955],[-69.7754,46.9176],[-69.6253,47.0667],[-69.7727,47.1606],[-69.8644,47.2198]]]},"properties":{"code":"CA-QC-12","name":"Chaudière-Appalaches","country":"CA"}},
{"type":"Feature","geometry":{"type":"Polygon","coordinates":[[[-73.8079,45.517],[-73.7661,45.5114],[-73.698,45.5489],[-73.6825,45.5515],[-73.6452,45.601],[-73.6304,45.6286],[-73.6207,45.6347],[-73.6171,45.6382],[-73.6129,45.6428],[-73.531,45.6853],[-73.5276,45.6926],[-73.5231,45.6979],[-73.5574,45.7004],[-73.6022,45.6892],[-73.651,45.6882],[-73.6871,45.6935],[-73.7455,45.6687],[-73.7886,45.6293],[-73.7948,45.6158],[-73.8254,45.6074],[-73.8405,45.5791],[-73.883,45.5602],[-73.8809,45.5364],[-73.8886,45.5295],[-73.8941,45.5264],[-73.8961,45.5255],[-73.8958,45.5252],[-73.8949,45.5245],[-73.8924,45.5228],[-73.8901,45.522],[-73.8079,45.517]]]},"properties":{"code":"CA-QC-13","name":"Laval","country":"CA"}},
{"type":"Feature","geometry":{"type":"Polygon","coordinates":[[[-73.9804,47.3614],[-73.9574,47.3882],[-74.305,47.623],[-74.5115,47.7629],[-74.8894,47.7626],[-74.6986,47.6335],[-74.6883,47.6331],[-74.6539,47.6171],[-74.6223,47.5836],[-74.6124,47.573],[-74.6052,47.566],[-74.5827,47.5466],[-74.5751,47.5402],[-74.5602,47.5368],[-74.5589,47.5358],[-74.5581,47.5355],[-74.5525,47.5206],[-74.5499,47.5195],[-74.5483,47.5186],[-74.5429,47.5159],[-74.5399,47.5123],[-74.5385,47.5103],[-74.5199,47.5048],[-74.5183,47.5038],[-74.5155,47.5021],[-74.5071,47.5018],[-74.5065,47.5059],[-74.5072,47.5086],[-74.4911,47.5122],[-74.4795,47.5061],[-74.4711,47.5088],[-74.4259,47.505],[-74.4413,47.4735],[-74.4653,47.4465],[-74.5136,47.4064],[-74.5289,47.3699],[-74.5391,47.3475],[-74.5501,47.3354],[-74.5429,47.3395],[-74.5487,47.3314],[-74.5714,47.3134],[-74.5751,47.3092],[-74.6079,47.2769],[-74.6144,47.2608],[-74.6495,47.2514],[-74.6538,47.2339],[-74.4897,47.2246],[-74.4345,47.1575],[-74.4661,47.1357],[-74.4152,47.1007],[-74.4841,47.0531],[-74.5747,46.9975],[-74.522,46.9614],[-74.4274,46.8966],[-74.4845,46.8674],[-74.4842,46.8388],[-74.4759,46.8275],[-74.4805,46.7889],[-74.4835,46.7685],[-74.4974,46.7524],[-74.4975,46.6973],[-74.5145,46.6784],[-74.5011,46.655],[-74.5056,46.6404],[-74.4969,46.6359],[-74.4969,46.5911],[-74.4802,46.6069],[-74.4355,46.6145],[-74.4217,46.6058],[-74.3436,46.5493],[-74.4716,46.4584],[-74.4775,46.4541],[-74.3342,46.354],[-74.4127,46.2989],[-74.2672,46.1981],[-74.2526,46.2027],[-74.1829,46.2503],[-74.0331,46.1487],[-74.0773,46.1172],[-74.0252,46.081],[-74.0028,46.0958],[-73.9736,46.0751],[-73.9743,46.0746],[-73.9702,46.0718],[-73.9673,46.0697],[-73.9644,46.0677],[-73.9606,46.0649],[-74.0053,46.033],[-73.9785,46.0141],[-74.0027,45.9979],[-73.9354,45.9442],[-73.9505,45.9332],[-73.9372,45.9252],[-73.9113,45.907],[-73.8952,45.8968],[-73.8885,45.8924],[-73.8826,45.8885],[-73.9013,45.8845],[-73.8076,45.8217],[-73.81,45.8207],[-73.825,45.8177],[-73.8003,45.8011],[-73.7304,45.7546],[-73.7511,45.7505],[-73.759,45.7283],[-73.7702,45.7128],[-73.8462,45.7219],[-73.7826,45.6798],[-73.7666,45.6854],[-73.7455,45.6687],[-73.6871,45.6935],[-73.651,45.6882],[-73.6022,45.6892],[-73.5574,45.7004],[-73.5231,45.6979],[-73.5191,45.7],[-73.5077,45.7025],[-73.4999,45.7045],[-73.4747,45.7003],[-73.4595,45.7058],[-73.4226,45.7394],[-73.4192,45.7538],[-73.3856,45.7892],[-73.3708,45.7856],[-73.3223,45.8057],[-73.2791,45.8422],[-73.269,45.8643],[-73.2429,45.8931],[-73.2383,45.9102],[-73.2102,45.9541],[-73.1938,45.9716],[-73.1702,46.0257],[-73.1508,46.0495],[-73.0956,46.0608],[-73.0784,46.0702],[-73.0443,46.1061],[-72.9918,46.1118],[-72.9598,46.1192],[-72.9486,46.1371],[-72.9435,46.1437],[-72.9401,46.1474],[-72.9386,46.149],[-72.9369,46.1506],[-72.9362,46.1512],[-72.9367,46.1515],[-72.9379,46.152],[-72.9384,46.1522],[-72.9409,46.1533],[-72.9477,46.1563],[-72.9717,46.1665],[-73.0077,46.1651],[-73.0338,46.1573],[-73.2164,46.2793],[-73.1957,46.2944],[-73.2281,46.317],[-73.1917,46.3339],[-73.2039,46.3591],[-73.1673,46.383],[-73.2225,46.4229],[-73.2379,46.4325],[-73.2925,46.4702],[-73.3134,46.485],[-73.3189,46.4887],[-73.3276,46.4945],[-73.3331,46.4987],[-73.3289,46.5016],[-73.3282,46.502],[-73.2884,46.5295],[-73.283,46.5333],[-73.2981,46.5447],[-73.307,46.5552],[-73.3122,46.5737],[-73.3365,46.6013],[-73.3618,46.6162],[-73.4022,46.5988],[-73.446,46.5963],[-73.442,46.6687],[-73.467,46.7095],[-73.4477,46.7664],[-73.4569,46.7863],[-73.4363,46.8292],[-73.4415,46.8437],[-73.4202,46.8884],[-73.4382,46.8951],[-73.4397,46.8954],[-73.4599,46.9086],[-73.4933,46.912],[-73.5467,46.8679],[-73.6022,46.8725],[-73.6279,46.8661],[-73.6675,46.8664],[-73.6738,46.8785],[-73.661,46.8964],[-73.6642,46.9284],[-73.6466,46.9386],[-73.7535,47.0622],[-73.755,47.0667],[-73.8533,47.1511],[-73.9144,47.0999],[-74.0286,47.1778],[-74.0056,47.3159],[-73.9959,47.323],[-73.9964,47.3506],[-73.9804,47.3614]]]},"properties":{"code":"CA-QC-14","name":"Lanaudière","country":"CA"}},
{"type":"Feature","geometry":{"type":"Polygon","coordinates":[[[-75.5211,47.7633],[-75.5425,47.7563],[-75.5222,47.7099],[-75.4465,47.6567],[-75.4193,47.6301],[-75.4289,47.6162],[-75.4142,47.5886],[-75.3795,47.6224],[-75.3541,47.61],[-75.3641,47.598],[-75.3565,47.5669],[-75.3134,47.5554],[-75.308,47.5475],[-75.368,47.4852],[-75.3823,47.4596],[-75.3896,47.4276],[-75.4548,47.3751],[-75.4739,47.3389],[-75.4574,47.3181],[-75.479,47.2765],[-75.5126,47.2584],[-75.561,47.2069],[-75.5948,47.1854],[-75.6264,47.1808],[-75.6233,47.2274],[-75.6466,47.2532],[-75.6478,47.2818],[-75.6807,47.2848],[-75.7115,47.2705],[-75.7478,47.2729],[-75.7473,47.2933],[-75.7957,47.3184],[-75.8276,47.3125],[-75.8659,47.2929],[-75.9786,47.2043],[-76.0236,47.189],[-76.0551,47.1986],[-76.0948,47.1873],[-76.1027,47.1747],[-76.0913,47.1308],[-76.0998,47.0989],[-76.099,47.0503],[-76.108,47.0263],[-76.131,47.0196],[-76.1477,47.0044],[-76.1312,46.9874],[-76.1363,46.9492],[-76.1304,46.9229],[-76.0362,46.8893],[-75.9944,46.8878],[-75.9724,46.8789],[-75.9182,46.8468],[-75.897,46.8181],[-75.8588,46.8142],[-75.829,46.8243],[-75.811,46.8449],[-75.7475,46.8448],[-75.7486,46.6649],[-75.7452,46.4383],[-75.7056,46.4388],[-75.7066,46.3087],[-75.8142,46.3061],[-75.7884,46.2909],[-75.7841,46.278],[-75.8131,46.2249],[-75.81,46.1935],[-75.799,46.1741],[-75.7683,46.1738],[-75.7635,46.0227],[-75.7125,46.0231],[-75.7765,45.9826],[-75.7773,45.9529],[-75.7377,45.9702],[-75.666,45.9703],[-75.6625,45.9825],[-75.6204,45.9824],[-75.6,45.9714],[-75.4083,45.9732],[-75.4083,46.0976],[-75.2132,46.0981],[-75.1764,46.1034],[-75.177,46.1323],[-75.1559,46.1323],[-75.1563,46.1606],[-75.1373,46.1606],[-75.1376,46.1849],[-75.1166,46.1848],[-75.1174,46.2152],[-75.0752,46.2153],[-75.0899,46.1033],[-74.9394,46.1058],[-74.9391,46.0623],[-74.8587,46.063],[-74.8582,46.0167],[-74.8371,46.0169],[-74.8317,45.9732],[-74.8077,45.9731],[-74.8017,45.9448],[-74.7642,45.9463],[-74.7632,45.9727],[-74.6982,45.9718],[-74.7102,45.9319],[-74.7146,45.8879],[-74.7267,45.8517],[-74.7407,45.8348],[-74.7711,45.7608],[-74.8079,45.6383],[-74.7821,45.6387],[-74.7007,45.6306],[-74.6466,45.6377],[-74.5415,45.5943],[-74.519,45.5911],[-74.4765,45.5957],[-74.4361,45.5765],[-74.3833,45.565],[-74.381,45.5656],[-74.3667,45.5572],[-74.3562,45.5484],[-74.3396,45.5138],[-74.3157,45.5045],[-74.2813,45.5054],[-74.2117,45.5],[-74.1615,45.4839],[-74.1435,45.4723],[-74.0895,45.4523],[-74.0296,45.4476],[-73.9779,45.4644],[-73.9674,45.4716],[-73.9536,45.4885],[-73.9334,45.5075],[-73.9194,45.5137],[-73.9155,45.5167],[-73.9105,45.521],[-73.8961,45.5255],[-73.8941,45.5264],[-73.8886,45.5295],[-73.8809,45.5364],[-73.883,45.5602],[-73.8405,45.5791],[-73.8254,45.6074],[-73.7948,45.6158],[-73.7886,45.6293],[-73.7455,45.6687],[-73.7666,45.6854],[-73.7826,45.6798],[-73.8462,45.7219],[-73.7702,45.7128],[-73.759,45.7283],[-73.7511,45.7505],[-73.7304,45.7546],[-73.8003,45.8011],[-73.8052,45.8045],[-73.8115,45.8087],[-73.825,45.8177],[-73.8076,45.8217],[-73.9013,45.8845],[-73.889,45.8871],[-73.8826,45.8885],[-73.8885,45.8924],[-73.8952,45.8968],[-73.9113,45.907],[-73.9246,45.9161],[-73.9372,45.9252],[-73.9505,45.9332],[-73.9354,45.9442],[-74.0027,45.9979],[-73.9785,46.0141],[-74.0053,46.033],[-73.9774,46.053],[-73.9662,46.061],[-73.9654,46.0616],[-73.9621,46.0639],[-73.9606,46.0649],[-73.9736,46.0751],[-74.0028,46.0958],[-74.0252,46.081],[-74.0773,46.1172],[-74.0331,46.1487],[-74.1829,46.2503],[-74.2526,46.2027],[-74.2672,46.1981],[-74.4127,46.2989],[-74.3342,46.354],[-74.4775,46.4541],[-74.4716,46.4584],[-74.3436,46.5493],[-74.4217,46.6058],[-74.4355,46.6145],[-74.4802,46.6069],[-74.4969,46.5911],[-74.4969,46.6359],[-74.5056,46.6404],[-74.5011,46.655],[-74.5145,46.6784],[-74.4975,46.6973],[-74.4974,46.7524],[-74.4835,46.7685],[-74.4805,46.7889],[-74.4759,46.8275],[-74.4842,46.8388],[-74.4845,46.8674],[-74.4274,46.8966],[-74.522,46.9614],[-74.5747,46.9975],[-74.4841,47.0531],[-74.4152,47.1007],[-74.4661,47.1357],[-74.4345,47.1575],[-74.4897,47.2246],[-74.6538,47.2339],[-74.6495,47.2514],[-74.6144,47.2608],[-74.6079,47.2769],[-74.5751,47.3092],[-74.5714,47.3134],[-74.5487,47.3314],[-74.5429,47.3395],[-74.5501,47.3354],[-74.5391,47.3475],[-74.5289,47.3699],[-74.5136,47.4064],[-74.4653,47.4465],[-74.4413,47.4735],[-74.4259,47.505],[-74.4711,47.5088],[-74.4795,47.5061],[-74.4911,47.5122],[-74.5072,47.5086],[-74.5065,47.5059],[-74.5071,47.5018],[-74.5155,47.5021],[-74.5183,47.5038],[-74.5199,47.5048],[-74.5385,47.5103],[-74.5399,47.5123],[-74.5429,47.5159],[-74.5483,47.5186],[-74.5499,47.5195],[-74.5525,47.5206],[-74.5581,47.5355],[-74.5589,47.5358],[-74.5602,47.5368],[-74.5751,47.5402],[-74.5827,47.5466],[-74.6052,47.566],[-74.6124,47.573],[-74.6223,47.5836],[-74.6539,47.6171],[-74.6883,47.6331],[-74.6986,47.6335],[-74.8894,47.7626],[-75.3054,47.7628],[-75.5211,47.7633]]]},"properties":{"code":"CA-QC-15","name":"Laurentides","country":"CA"}},
{"type":"Feature","geometry":{"type":"Polygon","coordinates":[[[-72.9918,46.1118],[-73.0443,46.1061],[-73.0784,46.0702],[-73.0956,46.0608],[-73.1508,46.0495],[-73.1702,46.0257],[-73.1938,45.9716],[-73.2102,45.9541],[-73.2383,45.9102],[-73.2429,45.8931],[-73.269,45.8643],[-73.2791,45.8422],[-73.3223,45.8057],[-73.3708,45.7856],[-73.3856,45.7892],[-73.4192,45.7538],[-73.4226,45.7394],[-73.4595,45.7058],[-73.4747,45.7003],[-73.4862,45.6826],[-73.4764,45.6474],[-73.5006,45.6051],[-73.5016,45.5747],[-73.5314,45.5365],[-73.5192,45.4952],[-73.5297,45.4917],[-73.5223,45.4506],[-73.5409,45.4273],[-73.5596,45.4191],[-73.6387,45.4098],[-73.6699,45.4224],[-73.764,45.4192],[-73.7824,45.4149],[-73.7963,45.4077],[-73.8222,45.3854],[-73.8562,45.4013],[-73.8961,45.4098],[-73.9189,45.3983],[-73.9503,45.4013],[-73.9827,45.4178],[-73.9966,45.4575],[-73.9996,45.4564],[-74.0084,45.4535],[-74.0296,45.4476],[-74.0895,45.4523],[-74.1435,45.4723],[-74.1615,45.4839],[-74.2117,45.5],[-74.2813,45.5054],[-74.3157,45.5045],[-74.3396,45.5138],[-74.3562,45.5484],[-74.3667,45.5572],[-74.381,45.5656],[-74.389,45.5381],[-74.4045,45.4895],[-74.4286,45.42],[-74.472,45.3029],[-74.3195,45.1885],[-74.377,45.1552],[-74.4423,45.1312],[-74.4952,45.0647],[-74.5106,45.0767],[-74.5657,45.0463],[-74.6258,45.0301],[-74.6524,45.03],[-74.6698,45.0056],[-74.6612,44.9994],[-74.4396,44.9965],[-74.3365,44.992],[-74.1501,44.9914],[-73.8828,45.001],[-73.7836,45.003],[-73.6502,45.003],[-73.4921,45.0078],[-73.1399,45.0144],[-73.1118,45.0731],[-73.1152,45.0819],[-73.1158,45.0971],[-73.1108,45.0971],[-73.1076,45.0972],[-73.0972,45.1016],[-73.1012,45.1401],[-73.0951,45.1401],[-73.0886,45.1401],[-73.0859,45.1401],[-73.0859,45.1424],[-73.086,45.1443],[-73.0856,45.1758],[-73.0859,45.1917],[-73.0583,45.2146],[-73.0681,45.2296],[-73.0635,45.2678],[-73.0497,45.2774],[-73.0489,45.3253],[-73.0488,45.3253],[-73.0463,45.3261],[-73.0437,45.326],[-73.0353,45.3257],[-73.0336,45.3256],[-73.0103,45.3302],[-72.9895,45.3416],[-72.883,45.2656],[-72.8238,45.4312],[-72.8122,45.4964],[-72.8033,45.5272],[-72.8024,45.5297],[-72.7998,45.5378],[-72.7997,45.538],[-72.79,45.5384],[-72.7728,45.5384],[-72.7732,45.5248],[-72.6906,45.5238],[-72.6762,45.5388],[-72.6051,45.5376],[-72.5835,45.5255],[-72.5856,45.4983],[-72.5461,45.4968],[-72.449,45.4937],[-72.4545,45.4515],[-72.404,45.4492],[-72.4028,45.5286],[-72.3786,45.5294],[-72.3781,45.5664],[-72.3608,45.5672],[-72.3607,45.5702],[-72.3606,45.5708],[-72.3606,45.5712],[-72.3603,45.5771],[-72.36,45.5855],[-72.3594,45.5894],[-72.3434,45.5991],[-72.3639,45.6261],[-72.578,45.7525],[-72.5631,45.7659],[-72.6021,45.7924],[-72.6158,45.7809],[-72.6321,45.7675],[-72.6395,45.7613],[-72.6433,45.7582],[-72.6459,45.756],[-72.6462,45.7558],[-72.6493,45.7575],[-72.6788,45.7748],[-72.6794,45.7752],[-72.6804,45.7758],[-72.7042,45.7589],[-72.8006,45.8275],[-72.853,45.8639],[-72.8505,45.8835],[-72.8319,45.8866],[-72.7944,45.9069],[-72.7527,45.9429],[-72.8052,45.9813],[-72.8025,46.0115],[-72.8297,46.0211],[-72.8375,46.0264],[-72.8552,46.0391],[-72.8559,46.0395],[-72.8591,46.0419],[-72.8607,46.043],[-72.8803,46.0342],[-72.9486,46.0817],[-72.9525,46.0855],[-72.9589,46.0888],[-72.9918,46.1118]]]},"properties":{"code":"CA-QC-16","name":"Montérégie","country":"CA"}},
{"type":"Feature","geometry":{"type":"Polygon","coordinates":[[[-71.5528,46.0959],[-71.5097,46.1373],[-71.5339,46.1492],[-71.5295,46.1631],[-71.4833,46.2066],[-71.4668,46.2312],[-71.4455,46.2202],[-71.4193,46.2233],[-71.3719,46.2678],[-71.5085,46.3384],[-71.5056,46.3403],[-71.502,46.3426],[-71.492,46.3491],[-71.4814,46.356],[-71.4949,46.3659],[-71.4941,46.3665],[-71.5081,46.3766],[-71.479,46.3959],[-71.5309,46.434],[-71.5655,46.4128],[-71.6176,46.4517],[-71.7151,46.3935],[-71.7597,46.3639],[-71.7626,46.366],[-71.766,46.3684],[-71.7737,46.374],[-71.7757,46.3755],[-71.79,46.3856],[-71.7952,46.3894],[-71.8481,46.4271],[-71.9307,46.4862],[-72.0118,46.5437],[-72.0134,46.5427],[-72.0284,46.553],[-72.0322,46.5534],[-72.0356,46.5579],[-72.0543,46.5705],[-72.0591,46.5701],[-72.0656,46.5698],[-72.0723,46.5697],[-72.0827,46.5701],[-72.0907,46.5706],[-72.0916,46.5706],[-72.0923,46.5707],[-72.0978,46.571],[-72.0981,46.571],[-72.1011,46.5711],[-72.1015,46.5712],[-72.1043,46.5713],[-72.1281,46.5675],[-72.1694,46.5505],[-72.2202,46.5133],[-72.2419,46.458],[-72.2548,46.4412],[-72.2921,46.4264],[-72.3329,46.4214],[-72.3787,46.4101],[-72.4696,46.376],[-72.4956,46.3546],[-72.5224,46.3413],[-72.5666,46.302],[-72.5916,46.2895],[-72.676,46.2591],[-72.7481,46.2242],[-72.7868,46.21],[-72.8455,46.1945],[-72.8981,46.1752],[-72.9151,46.1668],[-72.9278,46.1584],[-72.9326,46.1546],[-72.9347,46.1526],[-72.9355,46.1519],[-72.9362,46.1512],[-72.9369,46.1506],[-72.9386,46.149],[-72.9401,46.1474],[-72.9435,46.1437],[-72.9486,46.1371],[-72.9598,46.1192],[-72.974,46.1105],[-72.9589,46.0888],[-72.9525,46.0855],[-72.9486,46.0817],[-72.8803,46.0342],[-72.8684,46.0336],[-72.8619,46.04],[-72.8613,46.0418],[-72.8609,46.0428],[-72.8607,46.043],[-72.8552,46.0391],[-72.8375,46.0264],[-72.8297,46.0211],[-72.8025,46.0115],[-72.8052,45.9813],[-72.7527,45.9429],[-72.7944,45.9069],[-72.8319,45.8866],[-72.8505,45.8835],[-72.853,45.8639],[-72.8006,45.8275],[-72.7042,45.7589],[-72.6869,45.7711],[-72.6804,45.7758],[-72.6794,45.7752],[-72.6788,45.7748],[-72.6493,45.7575],[-72.6492,45.7575],[-72.6466,45.756],[-72.6462,45.7558],[-72.6459,45.756],[-72.6433,45.7582],[-72.6395,45.7613],[-72.6321,45.7675],[-72.6158,45.7809],[-72.6021,45.7924],[-72.5631,45.7659],[-72.578,45.7525],[-72.3639,45.6261],[-72.2976,45.5894],[-72.2475,45.6367],[-72.2371,45.6463],[-72.2819,45.6721],[-72.2955,45.6796],[-72.3108,45.6885],[-72.2973,45.6994],[-72.2975,45.6995],[-72.2816,45.7107],[-72.2271,45.7561],[-72.2328,45.7358],[-72.2063,45.6964],[-72.1459,45.75],[-72.1392,45.7559],[-72.0296,45.8534],[-71.9846,45.8294],[-71.9213,45.7963],[-71.9047,45.8048],[-71.8934,45.801],[-71.8886,45.8014],[-71.8842,45.8044],[-71.8569,45.8034],[-71.77,45.8853],[-71.7629,45.8816],[-71.6355,45.8139],[-71.6173,45.8305],[-71.5416,45.7878],[-71.5225,45.8044],[-71.498,45.7919],[-71.4664,45.8217],[-71.4554,45.8721],[-71.5017,45.8909],[-71.5514,45.9161],[-71.5621,45.906],[-71.6861,45.9667],[-71.5528,46.0959]]]},"properties":{"code":"CA-QC-17","name":"Centre-du-Québec","country":"CA"}}
]}